date_time,sample_timestamp_utc_secs,raw_particle_count,particle_concentration,humidity
27/02/2015 17:03:55,1425074635,91,17.9,35
27/02/2015 17:04:25,1425074665,2,16.9,34
27/02/2015 17:04:55,1425074695,20,15.5,35
27/02/2015 17:05:25,1425074725,32,14.4,35
27/02/2015 17:05:55,1425074755,27,14.1,34
27/02/2015 17:06:25,1425074785,198,15.7,34
27/02/2015 17:06:55,1425074815,173,19,34
27/02/2015 17:07:25,1425074845,111,20.8,35
27/02/2015 17:07:55,1425074875,49,20.7,35
27/02/2015 17:08:25,1425074905,115,20,35
27/02/2015 17:08:55,1425074935,43,19.4,34
27/02/2015 17:09:25,1425074965,42,18.4,35
27/02/2015 17:09:55,1425074995,39,17.1,35
27/02/2015 17:10:25,1425075025,26,16,35
27/02/2015 17:10:55,1425075055,30,15.4,35
27/02/2015 17:11:25,1425075085,3,14.3,35
27/02/2015 17:11:55,1425075115,10,13.3,35
27/02/2015 17:12:25,1425075145,21,12.6,34
27/02/2015 17:12:55,1425075175,11,11.9,34
27/02/2015 17:13:25,1425075205,47,11.4,34
27/02/2015 17:13:55,1425075235,48,12.2,35
27/02/2015 17:14:25,1425075265,35,12.3,35
27/02/2015 17:14:55,1425075295,13,11.8,35
27/02/2015 17:15:25,1425075325,20,11.2,35
27/02/2015 17:15:55,1425075355,52,11.5,35
27/02/2015 17:16:25,1425075385,22,11.5,35
27/02/2015 17:16:55,1425075415,54,12.2,35
27/02/2015 17:17:25,1425075445,49,12.5,35
27/02/2015 17:17:55,1425075475,43,12.9,34
27/02/2015 17:18:25,1425075505,23,12.3,35
27/02/2015 17:18:55,1425075535,36,11.8,34
27/02/2015 17:19:25,1425075565,43,12.2,34
27/02/2015 17:19:55,1425075595,34,12.3,35
27/02/2015 17:20:25,1425075625,8,12,34
27/02/2015 17:20:55,1425075655,62,11.8,35
27/02/2015 17:21:25,1425075685,38,12.5,35
27/02/2015 17:21:55,1425075715,12,12.3,35
27/02/2015 17:22:25,1425075745,43,12.5,35
27/02/2015 17:22:55,1425075775,22,12.3,35
27/02/2015 17:23:25,1425075805,18,11.5,35
27/02/2015 17:23:55,1425075835,27,10.9,34
27/02/2015 17:24:25,1425075865,65,11.5,34
27/02/2015 17:24:55,1425075895,30,12,34
27/02/2015 17:25:25,1425075925,15,11.6,35
27/02/2015 17:25:55,1425075955,36,11.6,35
27/02/2015 17:26:25,1425075985,48,11.3,35
27/02/2015 17:26:55,1425076015,50,11.4,35
27/02/2015 17:27:25,1425076045,29,11.8,35
27/02/2015 17:27:55,1425076075,19,11.9,35
27/02/2015 17:28:25,1425076105,48,11.8,35
27/02/2015 17:28:55,1425076135,44,11.8,35
27/02/2015 17:29:25,1425076165,34,12.5,34
27/02/2015 17:29:55,1425076195,12,11.9,35
27/02/2015 17:30:25,1425076225,65,12.2,35
27/02/2015 17:30:55,1425076255,45,12.7,35
27/02/2015 17:31:25,1425076285,36,12.3,35
27/02/2015 17:31:55,1425076315,35,12.3,35
27/02/2015 17:32:25,1425076345,10,12,35
27/02/2015 17:32:55,1425076375,10,11,35
27/02/2015 17:33:25,1425076405,35,10.8,35
27/02/2015 17:33:55,1425076435,34,10.6,35
27/02/2015 17:34:25,1425076465,14,10.5,35
27/02/2015 17:34:55,1425076495,76,11.3,35
27/02/2015 17:35:25,1425076525,32,11.6,35
27/02/2015 17:35:55,1425076555,9,11.3,35
27/02/2015 17:36:25,1425076585,23,10.7,35
27/02/2015 17:36:55,1425076615,23,10.9,35
27/02/2015 17:37:25,1425076645,23,10.7,35
27/02/2015 17:37:55,1425076675,24,10.4,35
27/02/2015 17:38:25,1425076705,21,10.5,35
27/02/2015 17:38:55,1425076735,14,10.3,35
27/02/2015 17:39:25,1425076765,20,10,35
27/02/2015 17:39:55,1425076795,44,10.3,35
27/02/2015 17:40:25,1425076825,19,10.3,35
27/02/2015 17:40:55,1425076855,28,10.3,35
27/02/2015 17:41:25,1425076885,19,10,35
27/02/2015 17:41:55,1425076915,39,10,35
27/02/2015 17:42:25,1425076945,28,10,35
27/02/2015 17:42:55,1425076975,21,9.9,35
27/02/2015 17:43:25,1425077005,45,9.8,35
27/02/2015 17:43:55,1425077035,31,10.4,35
27/02/2015 17:44:25,1425077065,36,10.5,35
27/02/2015 17:44:55,1425077095,24,10.6,35
27/02/2015 17:45:25,1425077125,29,10.7,35
27/02/2015 17:45:55,1425077155,28,10.7,35
27/02/2015 17:46:25,1425077185,30,10.8,35
27/02/2015 17:46:55,1425077215,8,10.6,35
27/02/2015 17:47:25,1425077245,16,10.2,35
27/02/2015 17:47:55,1425077275,26,10.1,35
27/02/2015 17:48:25,1425077305,11,9.6,35
27/02/2015 17:48:55,1425077335,34,9.7,35
27/02/2015 17:49:25,1425077365,11,9.7,35
27/02/2015 17:49:55,1425077395,11,9,35
27/02/2015 17:50:25,1425077425,30,9.1,35
27/02/2015 17:50:55,1425077455,22,9.3,35
27/02/2015 17:51:25,1425077485,11,8.8,35
27/02/2015 17:51:55,1425077515,27,8.7,36
27/02/2015 17:52:25,1425077545,11,8.4,36
27/02/2015 17:52:55,1425077575,14,8,36
27/02/2015 17:53:25,1425077605,27,8.4,36
27/02/2015 17:53:55,1425077635,28,8.4,36
27/02/2015 17:54:25,1425077665,29,8.3,36
27/02/2015 17:54:55,1425077695,23,8.3,36
27/02/2015 17:55:25,1425077725,35,8.6,36
27/02/2015 17:55:55,1425077755,49,9.3,36
27/02/2015 17:56:25,1425077785,23,9.6,36
27/02/2015 17:56:55,1425077815,6,9,36
27/02/2015 17:57:25,1425077845,70,10.1,36
27/02/2015 17:57:55,1425077875,34,10.6,36
27/02/2015 17:58:25,1425077905,5,10.2,36
27/02/2015 17:58:55,1425077935,40,10,36
27/02/2015 17:59:25,1425077965,45,10.7,36
27/02/2015 17:59:55,1425077995,46,11,36
27/02/2015 18:00:25,1425078025,3,10.8,36
27/02/2015 18:00:55,1425078055,35,10.6,36
27/02/2015 18:01:25,1425078085,49,11,36
27/02/2015 18:01:55,1425078115,49,11.3,36
27/02/2015 18:02:25,1425078145,58,11.5,36
27/02/2015 18:02:55,1425078175,23,11.9,36
27/02/2015 18:03:25,1425078205,28,11.6,36
27/02/2015 18:03:55,1425078235,22,11.2,36
27/02/2015 18:04:25,1425078265,48,10.9,36
27/02/2015 18:04:55,1425078295,34,11.6,35
27/02/2015 18:05:25,1425078325,40,12,35
27/02/2015 18:05:55,1425078355,61,12.2,36
27/02/2015 18:06:25,1425078385,36,12.2,36
27/02/2015 18:06:55,1425078415,43,12.6,36
27/02/2015 18:07:25,1425078445,55,12.5,36
27/02/2015 18:07:55,1425078475,30,12.7,36
27/02/2015 18:08:25,1425078505,25,12.4,36
27/02/2015 18:08:55,1425078535,27,12.1,37
27/02/2015 18:09:25,1425078565,16,11.9,36
27/02/2015 18:09:55,1425078595,28,11.4,36
27/02/2015 18:10:25,1425078625,36,11.4,36
27/02/2015 18:10:55,1425078655,26,11.4,36
27/02/2015 18:11:25,1425078685,32,11.3,36
27/02/2015 18:11:55,1425078715,44,11.4,36
27/02/2015 18:12:25,1425078745,27,11.5,37
27/02/2015 18:12:55,1425078775,24,11.2,37
27/02/2015 18:13:25,1425078805,42,11.3,36
27/02/2015 18:13:55,1425078835,5,10.7,36
27/02/2015 18:14:25,1425078865,34,10.2,36
27/02/2015 18:14:55,1425078895,44,11,36
27/02/2015 18:15:25,1425078925,8,10.6,37
27/02/2015 18:15:55,1425078955,11,10.1,37
27/02/2015 18:16:25,1425078985,13,9.6,37
27/02/2015 18:16:55,1425079015,16,9.1,37
27/02/2015 18:17:25,1425079045,12,8.9,37
27/02/2015 18:17:55,1425079075,22,8.6,37
27/02/2015 18:18:25,1425079105,31,8.4,37
27/02/2015 18:18:55,1425079135,70,9.4,37
27/02/2015 18:19:25,1425079165,23,10.2,37
27/02/2015 18:19:55,1425079195,19,10.1,37
27/02/2015 18:20:25,1425079225,18,9.7,37
27/02/2015 18:20:55,1425079255,43,10,37
27/02/2015 18:21:25,1425079285,30,10.3,37
27/02/2015 18:21:55,1425079315,52,10.7,37
27/02/2015 18:22:25,1425079345,25,10.9,38
27/02/2015 18:22:55,1425079375,32,10.8,38
27/02/2015 18:23:25,1425079405,56,11.2,38
27/02/2015 18:23:55,1425079435,16,11,38
27/02/2015 18:24:25,1425079465,46,10.8,38
27/02/2015 18:24:55,1425079495,27,11.4,38
27/02/2015 18:25:25,1425079525,41,11.1,38
27/02/2015 18:25:55,1425079555,54,11.5,37
27/02/2015 18:26:25,1425079585,29,11.7,37
27/02/2015 18:26:55,1425079615,12,11,38
27/02/2015 18:27:25,1425079645,27,10.8,38
27/02/2015 18:27:55,1425079675,29,10.6,37
27/02/2015 18:28:25,1425079705,21,10.5,37
27/02/2015 18:28:55,1425079735,31,10.6,38
27/02/2015 18:29:25,1425079765,17,10.3,38
27/02/2015 18:29:55,1425079795,16,9.8,38
27/02/2015 18:30:25,1425079825,30,9.6,38
27/02/2015 18:30:55,1425079855,4,9.1,37
27/02/2015 18:31:25,1425079885,26,8.8,38
27/02/2015 18:31:55,1425079915,50,9.4,38
27/02/2015 18:32:25,1425079945,23,9.8,38
27/02/2015 18:32:55,1425079975,61,10.6,38
27/02/2015 18:33:25,1425080005,26,10.8,38
27/02/2015 18:33:55,1425080035,10,10.5,38
27/02/2015 18:34:25,1425080065,19,10.1,38
27/02/2015 18:34:55,1425080095,11,9.7,38
27/02/2015 18:35:25,1425080125,28,9.7,38
27/02/2015 18:35:55,1425080155,30,9.6,38
27/02/2015 18:36:25,1425080185,22,9.7,38
27/02/2015 18:36:55,1425080215,12,9.2,38
27/02/2015 18:37:25,1425080245,11,9,38
27/02/2015 18:37:55,1425080275,29,8.7,38
27/02/2015 18:38:25,1425080305,31,9,38
27/02/2015 18:38:55,1425080335,41,9.2,39
27/02/2015 18:39:25,1425080365,14,9.2,38
27/02/2015 18:39:55,1425080395,49,9.6,38
27/02/2015 18:40:25,1425080425,33,9.7,38
27/02/2015 18:40:55,1425080455,24,9.8,38
27/02/2015 18:41:25,1425080485,67,10.5,39
27/02/2015 18:41:55,1425080515,24,10.9,39
27/02/2015 18:42:25,1425080545,14,10.9,39
27/02/2015 18:42:55,1425080575,24,10.5,38
27/02/2015 18:43:25,1425080605,27,10.5,38
27/02/2015 18:43:55,1425080635,25,10.4,38
27/02/2015 18:44:25,1425080665,37,10.1,39
27/02/2015 18:44:55,1425080695,29,10.5,39
27/02/2015 18:45:25,1425080725,25,10.5,39
27/02/2015 18:45:55,1425080755,38,10.3,39
27/02/2015 18:46:25,1425080785,27,10.5,39
27/02/2015 18:46:55,1425080815,42,10.7,39
27/02/2015 18:47:25,1425080845,21,10.9,39
27/02/2015 18:47:55,1425080875,13,10.3,39
27/02/2015 18:48:25,1425080905,30,9.9,39
27/02/2015 18:48:55,1425080935,43,10.3,39
27/02/2015 18:49:25,1425080965,10,10.4,39
27/02/2015 18:49:55,1425080995,26,9.9,38
27/02/2015 18:50:25,1425081025,23,9.8,38
27/02/2015 18:50:55,1425081055,17,9.5,39
27/02/2015 18:51:25,1425081085,54,10,39
27/02/2015 18:51:55,1425081115,29,10.2,39
27/02/2015 18:52:25,1425081145,28,9.8,39
27/02/2015 18:52:55,1425081175,50,10.4,39
27/02/2015 18:53:25,1425081205,35,10.8,39
27/02/2015 18:53:55,1425081235,55,11.2,39
27/02/2015 18:54:25,1425081265,22,11.1,39
27/02/2015 18:54:55,1425081295,62,11.6,39
27/02/2015 18:55:25,1425081325,13,11.5,39
27/02/2015 18:55:55,1425081355,18,10.9,38
27/02/2015 18:56:25,1425081385,23,10.6,39
27/02/2015 18:56:55,1425081415,48,11.1,39
27/02/2015 18:57:25,1425081445,30,11.1,39
27/02/2015 18:57:55,1425081475,13,10.9,39
27/02/2015 18:58:25,1425081505,34,10.6,38
27/02/2015 18:58:55,1425081535,38,10.7,39
27/02/2015 18:59:25,1425081565,10,10.5,39
27/02/2015 18:59:55,1425081595,14,10.1,39
27/02/2015 19:00:25,1425081625,32,9.9,39
27/02/2015 19:00:55,1425081655,14,10.2,39
27/02/2015 19:01:25,1425081685,29,9.8,39
27/02/2015 19:01:55,1425081715,32,10.3,39
27/02/2015 19:02:25,1425081745,30,10.5,39
27/02/2015 19:02:55,1425081775,29,10.5,39
27/02/2015 19:03:25,1425081805,14,10.1,39
27/02/2015 19:03:55,1425081835,19,9.8,39
27/02/2015 19:04:25,1425081865,20,9.4,39
27/02/2015 19:04:55,1425081895,35,9.3,39
27/02/2015 19:05:25,1425081925,12,9.5,39
27/02/2015 19:05:55,1425081955,13,9,39
27/02/2015 19:06:25,1425081985,25,8.5,39
27/02/2015 19:06:55,1425082015,31,8.7,39
27/02/2015 19:07:25,1425082045,76,10.3,39
27/02/2015 19:07:55,1425082075,37,11,39
27/02/2015 19:08:25,1425082105,33,11.1,39
27/02/2015 19:08:55,1425082135,48,11.3,39
27/02/2015 19:09:25,1425082165,19,11.3,39
27/02/2015 19:09:55,1425082195,47,11,39
27/02/2015 19:10:25,1425082225,28,11.7,39
27/02/2015 19:10:55,1425082255,31,11.6,38
27/02/2015 19:11:25,1425082285,24,11,39
27/02/2015 19:11:55,1425082315,47,11.1,39
27/02/2015 19:12:25,1425082345,17,11.1,39
27/02/2015 19:12:55,1425082375,16,10.6,39
27/02/2015 19:13:25,1425082405,30,10.5,39
27/02/2015 19:13:55,1425082435,33,10.5,39
27/02/2015 19:14:25,1425082465,63,10.9,39
27/02/2015 19:14:55,1425082495,13,10.9,39
27/02/2015 19:15:25,1425082525,30,10.6,39
27/02/2015 19:15:55,1425082555,35,10.8,39
27/02/2015 19:16:25,1425082585,16,10.5,39
27/02/2015 19:16:55,1425082615,15,10.1,39
27/02/2015 19:17:25,1425082645,19,9.9,39
27/02/2015 19:17:55,1425082675,8,9.5,39
27/02/2015 19:18:25,1425082705,34,9.2,39
27/02/2015 19:18:55,1425082735,13,9.4,39
27/02/2015 19:19:25,1425082765,37,9.3,39
27/02/2015 19:19:55,1425082795,27,9.5,39
27/02/2015 19:20:25,1425082825,35,9.9,39
27/02/2015 19:20:55,1425082855,24,9.9,39
27/02/2015 19:21:25,1425082885,23,10,39
27/02/2015 19:21:55,1425082915,15,9.6,39
27/02/2015 19:22:25,1425082945,72,10.1,39
27/02/2015 19:22:55,1425082975,26,10.8,39
27/02/2015 19:23:25,1425083005,36,10.7,39
27/02/2015 19:23:55,1425083035,37,11,39
27/02/2015 19:24:25,1425083065,38,10.9,38
27/02/2015 19:24:55,1425083095,18,10.7,38
27/02/2015 19:25:25,1425083125,53,10.9,38
27/02/2015 19:25:55,1425083155,58,11.8,39
27/02/2015 19:26:25,1425083185,32,11.9,39
27/02/2015 19:26:55,1425083215,24,11.8,39
27/02/2015 19:27:25,1425083245,39,11.5,39
27/02/2015 19:27:55,1425083275,6,11,39
27/02/2015 19:28:25,1425083305,24,10.6,39
27/02/2015 19:28:55,1425083335,51,10.9,39
27/02/2015 19:29:25,1425083365,21,10.8,39
27/02/2015 19:29:55,1425083395,32,10.7,39
27/02/2015 19:30:25,1425083425,24,10.6,39
27/02/2015 19:30:55,1425083455,9,10,39
27/02/2015 19:31:25,1425083485,24,9.8,39
27/02/2015 19:31:55,1425083515,26,9.8,39
27/02/2015 19:32:25,1425083545,12,9.5,39
27/02/2015 19:32:55,1425083575,32,9.2,39
27/02/2015 19:33:25,1425083605,34,9.6,39
27/02/2015 19:33:55,1425083635,29,9.9,39
27/02/2015 19:34:25,1425083665,33,10,39
27/02/2015 19:34:55,1425083695,16,9.8,39
27/02/2015 19:35:25,1425083725,13,9.3,38
27/02/2015 19:35:55,1425083755,40,9,39
27/02/2015 19:36:25,1425083785,71,9.8,39
27/02/2015 19:36:55,1425083815,10,10.6,39
27/02/2015 19:37:25,1425083845,42,10.5,39
27/02/2015 19:37:55,1425083875,23,10.7,39
27/02/2015 19:38:25,1425083905,3,10.2,39
27/02/2015 19:38:55,1425083935,16,9.7,39
27/02/2015 19:39:25,1425083965,28,9.7,39
27/02/2015 19:39:55,1425083995,21,9.3,39
27/02/2015 19:40:25,1425084025,52,9.5,40
27/02/2015 19:40:55,1425084055,53,10.7,39
27/02/2015 19:41:25,1425084085,27,11.1,39
27/02/2015 19:41:55,1425084115,23,11,39
27/02/2015 19:42:25,1425084145,16,10.5,39
27/02/2015 19:42:55,1425084175,12,10.1,39
27/02/2015 19:43:25,1425084205,5,9.5,39
27/02/2015 19:43:55,1425084235,38,9.5,39
27/02/2015 19:44:25,1425084265,43,9.8,39
27/02/2015 19:44:55,1425084295,50,10.6,39
27/02/2015 19:45:25,1425084325,44,11.1,39
27/02/2015 19:45:55,1425084355,42,11.2,39
27/02/2015 19:46:25,1425084385,13,11.4,39
27/02/2015 19:46:55,1425084415,50,11.6,39
27/02/2015 19:47:25,1425084445,11,11.3,40
27/02/2015 19:47:55,1425084475,45,11.2,40
27/02/2015 19:48:25,1425084505,26,11.5,40
27/02/2015 19:48:55,1425084535,58,11.2,40
27/02/2015 19:49:25,1425084565,19,11.6,40
27/02/2015 19:49:55,1425084595,29,11.2,40
27/02/2015 19:50:25,1425084625,36,11.3,40
27/02/2015 19:50:55,1425084655,8,10.8,40
27/02/2015 19:51:25,1425084685,58,10.8,40
27/02/2015 19:51:55,1425084715,45,11.5,40
27/02/2015 19:52:25,1425084745,42,11.7,40
27/02/2015 19:52:55,1425084775,45,12.2,40
27/02/2015 19:53:25,1425084805,26,12.4,40
27/02/2015 19:53:55,1425084835,65,12.5,40
27/02/2015 19:54:25,1425084865,7,12.6,40
27/02/2015 19:54:55,1425084895,31,11.9,40
27/02/2015 19:55:25,1425084925,27,11.9,40
27/02/2015 19:55:55,1425084955,39,11.6,40
27/02/2015 19:56:25,1425084985,30,11.6,41
27/02/2015 19:56:55,1425085015,21,11.2,40
27/02/2015 19:57:25,1425085045,44,11.1,40
27/02/2015 19:57:55,1425085075,25,11.1,41
27/02/2015 19:58:25,1425085105,12,10.5,40
27/02/2015 19:58:55,1425085135,32,10.2,40
27/02/2015 19:59:25,1425085165,48,10.5,40
27/02/2015 19:59:55,1425085195,20,10.5,40
27/02/2015 20:00:25,1425085225,35,10.4,40
27/02/2015 20:00:55,1425085255,55,10.9,41
27/02/2015 20:01:25,1425085285,21,11.2,40
27/02/2015 20:01:55,1425085315,22,10.7,40
27/02/2015 20:02:25,1425085345,37,10.9,41
27/02/2015 20:02:55,1425085375,47,11.4,41
27/02/2015 20:03:25,1425085405,5,10.9,41
27/02/2015 20:03:55,1425085435,23,10.5,41
27/02/2015 20:04:25,1425085465,24,10.6,41
27/02/2015 20:04:55,1425085495,40,10.7,40
27/02/2015 20:05:25,1425085525,35,10.5,41
27/02/2015 20:05:55,1425085555,59,11.2,41
27/02/2015 20:06:25,1425085585,41,12.4,41
27/02/2015 20:06:55,1425085615,16,11.8,41
27/02/2015 20:07:25,1425085645,26,11.2,41
27/02/2015 20:07:55,1425085675,25,10.6,41
27/02/2015 20:08:25,1425085705,46,10.7,41
27/02/2015 20:08:55,1425085735,30,11.1,41
27/02/2015 20:09:25,1425085765,33,10.9,41
27/02/2015 20:09:55,1425085795,61,12.1,41
27/02/2015 20:10:25,1425085825,33,11.9,42
27/02/2015 20:10:55,1425085855,55,12.1,41
27/02/2015 20:11:25,1425085885,35,12.2,42
27/02/2015 20:11:55,1425085915,32,12,42
27/02/2015 20:12:25,1425085945,48,12.1,42
27/02/2015 20:12:55,1425085975,41,11.9,42
27/02/2015 20:13:25,1425086005,40,12.3,42
27/02/2015 20:13:55,1425086035,29,11.9,41
27/02/2015 20:14:25,1425086065,44,12.2,42
27/02/2015 20:14:55,1425086095,34,12.1,42
27/02/2015 20:15:25,1425086125,42,12.1,42
27/02/2015 20:15:55,1425086155,20,11.9,42
27/02/2015 20:16:25,1425086185,52,11.8,42
27/02/2015 20:16:55,1425086215,10,11.5,42
27/02/2015 20:17:25,1425086245,9,10.6,42
27/02/2015 20:17:55,1425086275,38,10.4,42
27/02/2015 20:18:25,1425086305,36,10.8,42
27/02/2015 20:18:55,1425086335,70,11.3,42
27/02/2015 20:19:25,1425086365,19,11.8,42
27/02/2015 20:19:55,1425086395,29,11.2,42
27/02/2015 20:20:25,1425086425,35,10.8,42
27/02/2015 20:20:55,1425086455,38,11,42
27/02/2015 20:21:25,1425086485,27,10.9,42
27/02/2015 20:21:55,1425086515,38,10.6,42
27/02/2015 20:22:25,1425086545,63,10.9,42
27/02/2015 20:22:55,1425086575,27,11.6,42
27/02/2015 20:23:25,1425086605,36,11.3,42
27/02/2015 20:23:55,1425086635,12,11.1,42
27/02/2015 20:24:25,1425086665,23,10.6,42
27/02/2015 20:24:55,1425086695,24,10.1,42
27/02/2015 20:25:25,1425086725,19,9.7,42
27/02/2015 20:25:55,1425086755,25,9.5,42
27/02/2015 20:26:25,1425086785,28,9.1,42
27/02/2015 20:26:55,1425086815,57,9.7,42
27/02/2015 20:27:25,1425086845,32,10.4,42
27/02/2015 20:27:55,1425086875,22,10.4,42
27/02/2015 20:28:25,1425086905,38,10.6,42
27/02/2015 20:28:55,1425086935,28,10.8,42
27/02/2015 20:29:25,1425086965,31,10.5,42
27/02/2015 20:29:55,1425086995,15,10.4,42
27/02/2015 20:30:25,1425087025,59,11,43
27/02/2015 20:30:55,1425087055,51,11.6,42
27/02/2015 20:31:25,1425087085,29,11.8,43
27/02/2015 20:31:55,1425087115,41,11.6,43
27/02/2015 20:32:25,1425087145,39,11.8,42
27/02/2015 20:32:55,1425087175,2,11.2,42
27/02/2015 20:33:25,1425087205,20,10.8,42
27/02/2015 20:33:55,1425087235,30,10.5,42
27/02/2015 20:34:25,1425087265,26,10.5,42
27/02/2015 20:34:55,1425087295,28,10.3,42
27/02/2015 20:35:25,1425087325,28,10.4,42
27/02/2015 20:35:55,1425087355,35,10.6,42
27/02/2015 20:36:25,1425087385,37,10.8,42
27/02/2015 20:36:55,1425087415,22,10.7,42
27/02/2015 20:37:25,1425087445,38,10.8,42
27/02/2015 20:37:55,1425087475,17,10.6,43
27/02/2015 20:38:25,1425087505,25,10.6,43
27/02/2015 20:38:55,1425087535,45,10.8,43
27/02/2015 20:39:25,1425087565,17,10.6,43
27/02/2015 20:39:55,1425087595,101,11.7,42
27/02/2015 20:40:25,1425087625,77,13.2,42
27/02/2015 20:40:55,1425087655,65,13.9,42
27/02/2015 20:41:25,1425087685,47,14.1,43
27/02/2015 20:41:55,1425087715,35,14.1,43
27/02/2015 20:42:25,1425087745,29,13.6,43
27/02/2015 20:42:55,1425087775,67,13.7,43
27/02/2015 20:43:25,1425087805,8,13.1,42
27/02/2015 20:43:55,1425087835,57,13.1,43
27/02/2015 20:44:25,1425087865,42,13.1,43
27/02/2015 20:44:55,1425087895,45,13.3,42
27/02/2015 20:45:25,1425087925,15,12.9,43
27/02/2015 20:45:55,1425087955,51,12.7,43
27/02/2015 20:46:25,1425087985,40,12.8,43
27/02/2015 20:46:55,1425088015,28,12.4,43
27/02/2015 20:47:25,1425088045,38,12,43
27/02/2015 20:47:55,1425088075,35,12.2,42
27/02/2015 20:48:25,1425088105,19,11.7,43
27/02/2015 20:48:55,1425088135,47,11.7,43
27/02/2015 20:49:25,1425088165,19,11.5,43
27/02/2015 20:49:55,1425088195,47,11.4,43
27/02/2015 20:50:25,1425088225,23,11.5,43
27/02/2015 20:50:55,1425088255,23,11,43
27/02/2015 20:51:25,1425088285,26,10.6,43
27/02/2015 20:51:55,1425088315,15,10.2,43
27/02/2015 20:52:25,1425088345,56,10.4,43
27/02/2015 20:52:55,1425088375,24,10.9,43
27/02/2015 20:53:25,1425088405,28,10.8,43
27/02/2015 20:53:55,1425088435,27,10.6,43
27/02/2015 20:54:25,1425088465,41,10.8,43
27/02/2015 20:54:55,1425088495,20,10.5,43
27/02/2015 20:55:25,1425088525,19,10.3,43
27/02/2015 20:55:55,1425088555,28,10.2,43
27/02/2015 20:56:25,1425088585,36,10.1,43
27/02/2015 20:56:55,1425088615,44,10.6,43
27/02/2015 20:57:25,1425088645,31,10.5,43
27/02/2015 20:57:55,1425088675,22,10.5,43
27/02/2015 20:58:25,1425088705,44,11,43
27/02/2015 20:58:55,1425088735,56,11.3,44
27/02/2015 20:59:25,1425088765,32,11.2,44
27/02/2015 20:59:55,1425088795,9,10.7,43
27/02/2015 21:00:25,1425088825,56,11.1,44
27/02/2015 21:00:55,1425088855,51,11.5,43
27/02/2015 21:01:25,1425088885,37,11.8,44
27/02/2015 21:01:55,1425088915,11,11.3,44
27/02/2015 21:02:25,1425088945,49,11.2,44
27/02/2015 21:02:55,1425088975,25,10.8,44
27/02/2015 21:03:25,1425089005,59,11.4,44
27/02/2015 21:03:55,1425089035,17,11.3,44
27/02/2015 21:04:25,1425089065,53,11.3,43
27/02/2015 21:04:55,1425089095,25,11.3,43
27/02/2015 21:05:25,1425089125,37,11.3,44
27/02/2015 21:05:55,1425089155,49,11.7,44
27/02/2015 21:06:25,1425089185,19,11.5,44
27/02/2015 21:06:55,1425089215,17,11.1,43
27/02/2015 21:07:25,1425089245,31,10.8,44
27/02/2015 21:07:55,1425089275,36,10.9,44
27/02/2015 21:08:25,1425089305,25,10.7,44
27/02/2015 21:08:55,1425089335,25,10.5,44
27/02/2015 21:09:25,1425089365,21,10.2,44
27/02/2015 21:09:55,1425089395,38,10.3,43
27/02/2015 21:10:25,1425089425,43,10.4,44
27/02/2015 21:10:55,1425089455,28,10.8,44
27/02/2015 21:11:25,1425089485,27,10.6,44
27/02/2015 21:11:55,1425089515,51,10.6,44
27/02/2015 21:12:25,1425089545,17,11.1,44
27/02/2015 21:12:55,1425089575,70,11.2,44
27/02/2015 21:13:25,1425089605,142,13.4,44
27/02/2015 21:13:55,1425089635,161,17.7,44
27/02/2015 21:14:25,1425089665,101,18.9,44
27/02/2015 21:14:55,1425089695,58,18.9,44
27/02/2015 21:15:25,1425089725,20,17.8,44
27/02/2015 21:15:55,1425089755,28,16.5,44
27/02/2015 21:16:25,1425089785,35,15.5,44
27/02/2015 21:16:55,1425089815,15,14.9,44
27/02/2015 21:17:25,1425089845,24,13.9,44
27/02/2015 21:17:55,1425089875,55,13.5,44
27/02/2015 21:18:25,1425089905,22,13.6,44
27/02/2015 21:18:55,1425089935,38,12.8,44
27/02/2015 21:19:25,1425089965,39,13.2,44
27/02/2015 21:19:55,1425089995,34,13.1,44
27/02/2015 21:20:25,1425090025,0,12.3,44
27/02/2015 21:20:55,1425090055,18,11.4,44
27/02/2015 21:21:25,1425090085,7,10.7,44
27/02/2015 21:21:55,1425090115,12,10,44
27/02/2015 21:22:25,1425090145,13,9.5,44
27/02/2015 21:22:55,1425090175,18,9.1,44
27/02/2015 21:23:25,1425090205,5,8.6,44
27/02/2015 21:23:55,1425090235,63,8.8,44
27/02/2015 21:24:25,1425090265,28,9.5,44
27/02/2015 21:24:55,1425090295,12,9.4,44
27/02/2015 21:25:25,1425090325,30,9.2,44
27/02/2015 21:25:55,1425090355,129,10,44
27/02/2015 21:26:25,1425090385,49,12.8,44
27/02/2015 21:26:55,1425090415,19,12.7,44
27/02/2015 21:27:25,1425090445,36,12,44
27/02/2015 21:27:55,1425090475,34,12.2,44
27/02/2015 21:28:25,1425090505,42,12,44
27/02/2015 21:28:55,1425090535,14,11.5,44
27/02/2015 21:29:25,1425090565,45,11.5,44
27/02/2015 21:29:55,1425090595,52,12,44
27/02/2015 21:30:25,1425090625,63,12.8,45
27/02/2015 21:30:55,1425090655,48,13.1,45
27/02/2015 21:31:25,1425090685,44,13.2,45
27/02/2015 21:31:55,1425090715,15,12.8,44
27/02/2015 21:32:25,1425090745,34,12.5,44
27/02/2015 21:32:55,1425090775,22,12.6,44
27/02/2015 21:33:25,1425090805,20,11.9,45
27/02/2015 21:33:55,1425090835,15,11.2,45
27/02/2015 21:34:25,1425090865,20,10.8,45
27/02/2015 21:34:55,1425090895,32,10.5,45
27/02/2015 21:35:25,1425090925,42,10.6,44
27/02/2015 21:35:55,1425090955,32,10.7,44
27/02/2015 21:36:25,1425090985,61,11.4,45
27/02/2015 21:36:55,1425091015,20,11.4,44
27/02/2015 21:37:25,1425091045,24,10.6,44
27/02/2015 21:37:55,1425091075,49,11,44
27/02/2015 21:38:25,1425091105,27,11.1,44
27/02/2015 21:38:55,1425091135,31,10.7,44
27/02/2015 21:39:25,1425091165,50,10.9,44
27/02/2015 21:39:55,1425091195,41,11.7,44
27/02/2015 21:40:25,1425091225,15,11.2,44
27/02/2015 21:40:55,1425091255,23,10.6,45
27/02/2015 21:41:25,1425091285,39,10.9,44
27/02/2015 21:41:55,1425091315,67,11.2,44
27/02/2015 21:42:25,1425091345,29,11.8,44
27/02/2015 21:42:55,1425091375,22,11.4,45
27/02/2015 21:43:25,1425091405,19,10.9,45
27/02/2015 21:43:55,1425091435,18,10.6,45
27/02/2015 21:44:25,1425091465,28,10.6,45
27/02/2015 21:44:55,1425091495,51,11,45
27/02/2015 21:45:25,1425091525,43,11.4,44
27/02/2015 21:45:55,1425091555,33,11.3,45
27/02/2015 21:46:25,1425091585,14,11.1,44
27/02/2015 21:46:55,1425091615,21,10.7,44
27/02/2015 21:47:25,1425091645,9,10.4,44
27/02/2015 21:47:55,1425091675,10,9.8,44
27/02/2015 21:48:25,1425091705,106,11.1,44
27/02/2015 21:48:55,1425091735,12,11.6,44
27/02/2015 21:49:25,1425091765,52,11.4,44
27/02/2015 21:49:55,1425091795,28,11.5,44
27/02/2015 21:50:25,1425091825,17,11.3,44
27/02/2015 21:50:55,1425091855,29,10.9,44
27/02/2015 21:51:25,1425091885,19,10.4,44
27/02/2015 21:51:55,1425091915,37,10.2,44
27/02/2015 21:52:25,1425091945,6,10.3,44
27/02/2015 21:52:55,1425091975,16,9.8,44
27/02/2015 21:53:25,1425092005,15,9.6,44
27/02/2015 21:53:55,1425092035,32,9.6,44
27/02/2015 21:54:25,1425092065,16,9.4,44
27/02/2015 21:54:55,1425092095,10,8.9,44
27/02/2015 21:55:25,1425092125,41,9.4,44
27/02/2015 21:55:55,1425092155,26,9.1,44
27/02/2015 21:56:25,1425092185,16,9.2,44
27/02/2015 21:56:55,1425092215,22,9.1,44
27/02/2015 21:57:25,1425092245,44,9.4,44
27/02/2015 21:57:55,1425092275,24,9.5,44
27/02/2015 21:58:25,1425092305,19,9.4,44
27/02/2015 21:58:55,1425092335,28,9.3,44
27/02/2015 21:59:25,1425092365,29,9.2,44
27/02/2015 21:59:55,1425092395,37,9.5,44
27/02/2015 22:00:25,1425092425,5,9.3,45
27/02/2015 22:00:55,1425092455,13,8.8,45
27/02/2015 22:01:25,1425092485,17,8.4,44
27/02/2015 22:01:55,1425092515,11,8.3,45
27/02/2015 22:02:25,1425092545,57,8.7,45
27/02/2015 22:02:55,1425092575,36,9.3,45
27/02/2015 22:03:25,1425092605,20,9.5,45
27/02/2015 22:03:55,1425092635,35,9.3,45
27/02/2015 22:04:25,1425092665,0,9.3,45
27/02/2015 22:04:55,1425092695,18,8.8,45
27/02/2015 22:05:25,1425092725,37,8.8,45
27/02/2015 22:05:55,1425092755,29,8.9,45
27/02/2015 22:06:25,1425092785,28,9.5,45
27/02/2015 22:06:55,1425092815,18,9.4,45
27/02/2015 22:07:25,1425092845,33,9.7,45
27/02/2015 22:07:55,1425092875,7,9.3,45
27/02/2015 22:08:25,1425092905,16,8.9,45
27/02/2015 22:08:55,1425092935,19,8.7,45
27/02/2015 22:09:25,1425092965,31,8.6,45
27/02/2015 22:09:55,1425092995,22,8.9,45
27/02/2015 22:10:25,1425093025,7,8.4,45
27/02/2015 22:10:55,1425093055,25,8.2,45
27/02/2015 22:11:25,1425093085,1,7.8,45
27/02/2015 22:11:55,1425093115,20,7.6,45
27/02/2015 22:12:25,1425093145,16,7.8,45
27/02/2015 22:12:55,1425093175,31,8,45
27/02/2015 22:13:25,1425093205,17,8,45
27/02/2015 22:13:55,1425093235,16,7.9,45
27/02/2015 22:14:25,1425093265,16,7.6,45
27/02/2015 22:14:55,1425093295,25,7.9,45
27/02/2015 22:15:25,1425093325,38,8.2,45
27/02/2015 22:15:55,1425093355,13,8.5,45
27/02/2015 22:16:25,1425093385,8,8.2,45
27/02/2015 22:16:55,1425093415,28,8.2,45
27/02/2015 22:17:25,1425093445,2,7.9,45
27/02/2015 22:17:55,1425093475,20,7.8,45
27/02/2015 22:18:25,1425093505,24,8,45
27/02/2015 22:18:55,1425093535,11,7.7,45
27/02/2015 22:19:25,1425093565,13,7.5,45
27/02/2015 22:19:55,1425093595,19,7.5,45
27/02/2015 22:20:25,1425093625,26,8,45
27/02/2015 22:20:55,1425093655,14,7.7,45
27/02/2015 22:21:25,1425093685,27,7.6,45
27/02/2015 22:21:55,1425093715,23,8.3,45
27/02/2015 22:22:25,1425093745,35,8.4,45
27/02/2015 22:22:55,1425093775,10,8.3,45
27/02/2015 22:23:25,1425093805,21,8.3,45
27/02/2015 22:23:55,1425093835,15,8.1,45
27/02/2015 22:24:25,1425093865,36,8.3,45
27/02/2015 22:24:55,1425093895,8,8.2,45
27/02/2015 22:25:25,1425093925,20,8,45
27/02/2015 22:25:55,1425093955,7,7.7,45
27/02/2015 22:26:25,1425093985,28,7.9,45
27/02/2015 22:26:55,1425094015,4,7.6,49
27/02/2015 22:27:25,1425094045,31,7.6,47
27/02/2015 22:27:55,1425094075,13,7.9,46
27/02/2015 22:28:25,1425094105,16,7.9,45
27/02/2015 22:28:55,1425094135,32,7.9,45
27/02/2015 22:29:25,1425094165,30,8.3,45
27/02/2015 22:29:55,1425094195,18,8.4,45
27/02/2015 22:30:25,1425094225,16,8.1,45
27/02/2015 22:30:55,1425094255,25,8,45
27/02/2015 22:31:25,1425094285,5,7.7,45
27/02/2015 22:31:55,1425094315,48,8,45
27/02/2015 22:32:25,1425094345,30,8.7,45
27/02/2015 22:32:55,1425094375,26,8.9,45
27/02/2015 22:33:25,1425094405,29,8.7,45
27/02/2015 22:33:55,1425094435,5,8.7,45
27/02/2015 22:34:25,1425094465,17,8.2,45
27/02/2015 22:34:55,1425094495,27,8.4,45
27/02/2015 22:35:25,1425094525,31,8.4,45
27/02/2015 22:35:55,1425094555,22,8.5,45
27/02/2015 22:36:25,1425094585,4,8.3,45
27/02/2015 22:36:55,1425094615,13,7.9,45
27/02/2015 22:37:25,1425094645,26,7.8,45
27/02/2015 22:37:55,1425094675,18,8,45
27/02/2015 22:38:25,1425094705,13,7.6,45
27/02/2015 22:38:55,1425094735,21,7.5,45
27/02/2015 22:39:25,1425094765,20,7.8,45
27/02/2015 22:39:55,1425094795,22,7.8,45
27/02/2015 22:40:25,1425094825,30,8.1,45
27/02/2015 22:40:55,1425094855,24,7.8,45
27/02/2015 22:41:25,1425094885,51,8.8,46
27/02/2015 22:41:55,1425094915,2,8.9,46
27/02/2015 22:42:25,1425094945,17,8.5,46
27/02/2015 22:42:55,1425094975,3,8,46
27/02/2015 22:43:25,1425095005,40,8,46
27/02/2015 22:43:55,1425095035,25,8.5,47
27/02/2015 22:44:25,1425095065,44,8.9,46
27/02/2015 22:44:55,1425095095,27,9.4,46
27/02/2015 22:45:25,1425095125,31,9.2,46
27/02/2015 22:45:55,1425095155,31,9.9,47
27/02/2015 22:46:25,1425095185,48,10.1,46
27/02/2015 22:46:55,1425095215,13,10.1,46
27/02/2015 22:47:25,1425095245,31,10.2,46
27/02/2015 22:47:55,1425095275,18,10.1,46
27/02/2015 22:48:25,1425095305,28,10,46
27/02/2015 22:48:55,1425095335,42,9.9,46
27/02/2015 22:49:25,1425095365,19,10.4,46
27/02/2015 22:49:55,1425095395,25,10.4,47
27/02/2015 22:50:25,1425095425,33,10.5,46
27/02/2015 22:50:55,1425095455,37,10.8,46
27/02/2015 22:51:25,1425095485,25,10.8,46
27/02/2015 22:51:55,1425095515,48,10.9,46
27/02/2015 22:52:25,1425095545,23,11.2,47
27/02/2015 22:52:55,1425095575,38,10.9,47
27/02/2015 22:53:25,1425095605,39,11.4,46
27/02/2015 22:53:55,1425095635,39,11.7,46
27/02/2015 22:54:25,1425095665,10,11.4,47
27/02/2015 22:54:55,1425095695,14,10.9,46
27/02/2015 22:55:25,1425095725,19,10.2,47
27/02/2015 22:55:55,1425095755,34,10.6,46
27/02/2015 22:56:25,1425095785,18,10.4,46
27/02/2015 22:56:55,1425095815,25,10.2,47
27/02/2015 22:57:25,1425095845,13,10,47
27/02/2015 22:57:55,1425095875,20,9.5,47
27/02/2015 22:58:25,1425095905,22,9.2,47
27/02/2015 22:58:55,1425095935,38,9.5,47
27/02/2015 22:59:25,1425095965,20,9.5,47
27/02/2015 22:59:55,1425095995,5,9.1,46
27/02/2015 23:00:25,1425096025,25,8.8,46
27/02/2015 23:00:55,1425096055,28,8.7,47
27/02/2015 23:01:25,1425096085,44,9.5,47
27/02/2015 23:01:55,1425096115,5,9.4,47
27/02/2015 23:02:25,1425096145,19,8.9,47
27/02/2015 23:02:55,1425096175,21,8.8,46
27/02/2015 23:03:25,1425096205,6,8.5,46
27/02/2015 23:03:55,1425096235,12,7.9,46
27/02/2015 23:04:25,1425096265,20,7.8,47
27/02/2015 23:04:55,1425096295,14,7.8,46
27/02/2015 23:05:25,1425096325,18,7.8,46
27/02/2015 23:05:55,1425096355,36,8,46
27/02/2015 23:06:25,1425096385,8,8,46
27/02/2015 23:06:55,1425096415,48,8.1,46
27/02/2015 23:07:25,1425096445,10,8.4,47
27/02/2015 23:07:55,1425096475,47,8.5,46
27/02/2015 23:08:25,1425096505,20,8.9,46
27/02/2015 23:08:55,1425096535,58,9.3,47
27/02/2015 23:09:25,1425096565,50,10.1,46
27/02/2015 23:09:55,1425096595,21,10.3,47
27/02/2015 23:10:25,1425096625,32,10.3,46
27/02/2015 23:10:55,1425096655,23,10.3,47
27/02/2015 23:11:25,1425096685,15,10.2,46
27/02/2015 23:11:55,1425096715,28,10.1,47
27/02/2015 23:12:25,1425096745,21,10.1,47
27/02/2015 23:12:55,1425096775,18,9.9,47
27/02/2015 23:13:25,1425096805,16,9.6,47
27/02/2015 23:13:55,1425096835,34,9.6,46
27/02/2015 23:14:25,1425096865,13,9.4,47
27/02/2015 23:14:55,1425096895,10,8.9,46
27/02/2015 23:15:25,1425096925,9,8.3,46
27/02/2015 23:15:55,1425096955,18,8,46
27/02/2015 23:16:25,1425096985,54,8.6,46
27/02/2015 23:16:55,1425097015,36,9.2,46
27/02/2015 23:17:25,1425097045,30,9.5,46
27/02/2015 23:17:55,1425097075,3,9.3,46
27/02/2015 23:18:25,1425097105,34,9.2,46
27/02/2015 23:18:55,1425097135,11,9,46
27/02/2015 23:19:25,1425097165,7,8.4,46
27/02/2015 23:19:55,1425097195,18,8,46
27/02/2015 23:20:25,1425097225,26,8.3,46
27/02/2015 23:20:55,1425097255,18,8,46
27/02/2015 23:21:25,1425097285,23,8.2,46
27/02/2015 23:21:55,1425097315,18,8.2,46
27/02/2015 23:22:25,1425097345,13,8,46
27/02/2015 23:22:55,1425097375,19,8,46
27/02/2015 23:23:25,1425097405,6,7.7,46
27/02/2015 23:23:55,1425097435,22,7.5,46
27/02/2015 23:24:25,1425097465,15,7.9,46
27/02/2015 23:24:55,1425097495,43,8.3,46
27/02/2015 23:25:25,1425097525,19,8.7,46
27/02/2015 23:25:55,1425097555,10,8.2,47
27/02/2015 23:26:25,1425097585,34,8.2,47
27/02/2015 23:26:55,1425097615,16,8.1,47
27/02/2015 23:27:25,1425097645,28,8.2,46
27/02/2015 23:27:55,1425097675,7,8.2,47
27/02/2015 23:28:25,1425097705,17,8,46
27/02/2015 23:28:55,1425097735,11,7.9,46
27/02/2015 23:29:25,1425097765,9,7.8,47
27/02/2015 23:29:55,1425097795,28,7.8,46
27/02/2015 23:30:25,1425097825,15,7.9,46
27/02/2015 23:30:55,1425097855,9,7.7,46
27/02/2015 23:31:25,1425097885,19,7.6,46
27/02/2015 23:31:55,1425097915,45,8,46
27/02/2015 23:32:25,1425097945,26,8.5,46
27/02/2015 23:32:55,1425097975,13,8.5,47
27/02/2015 23:33:25,1425098005,24,8.3,47
27/02/2015 23:33:55,1425098035,47,8.8,47
27/02/2015 23:34:25,1425098065,32,9,47
27/02/2015 23:34:55,1425098095,28,9.5,47
27/02/2015 23:35:25,1425098125,58,9.8,48
27/02/2015 23:35:55,1425098155,18,10.2,48
27/02/2015 23:36:25,1425098185,27,10.1,48
27/02/2015 23:36:55,1425098215,19,10.1,48
27/02/2015 23:37:25,1425098245,7,9.6,48
27/02/2015 23:37:55,1425098275,20,9.2,48
27/02/2015 23:38:25,1425098305,50,9.4,48
27/02/2015 23:38:55,1425098335,6,9.5,48
27/02/2015 23:39:25,1425098365,9,8.8,48
27/02/2015 23:39:55,1425098395,23,8.7,48
27/02/2015 23:40:25,1425098425,84,9.3,48
27/02/2015 23:40:55,1425098455,3,10.2,48
27/02/2015 23:41:25,1425098485,25,9.9,48
27/02/2015 23:41:55,1425098515,28,9.9,48
27/02/2015 23:42:25,1425098545,23,9.8,48
27/02/2015 23:42:55,1425098575,24,9.9,48
27/02/2015 23:43:25,1425098605,18,9.5,48
27/02/2015 23:43:55,1425098635,36,9.1,48
27/02/2015 23:44:25,1425098665,21,9.5,48
27/02/2015 23:44:55,1425098695,16,9.2,48
27/02/2015 23:45:25,1425098725,69,10,48
27/02/2015 23:45:55,1425098755,24,10.3,48
27/02/2015 23:46:25,1425098785,28,10.7,48
27/02/2015 23:46:55,1425098815,21,10.5,48
27/02/2015 23:47:25,1425098845,36,10.2,48
27/02/2015 23:47:55,1425098875,9,10.5,48
27/02/2015 23:48:25,1425098905,33,10.2,48
27/02/2015 23:48:55,1425098935,18,10.6,48
27/02/2015 23:49:25,1425098965,1,9.9,48
27/02/2015 23:49:55,1425098995,25,9.6,48
27/02/2015 23:50:25,1425099025,16,9.1,48
27/02/2015 23:50:55,1425099055,0,8.6,48
27/02/2015 23:51:25,1425099085,13,8.1,48
27/02/2015 23:51:55,1425099115,21,8.2,47
27/02/2015 23:52:25,1425099145,12,8,48
27/02/2015 23:52:55,1425099175,19,7.8,48
27/02/2015 23:53:25,1425099205,33,8.2,48
27/02/2015 23:53:55,1425099235,7,8.1,48
27/02/2015 23:54:25,1425099265,1,7.6,48
27/02/2015 23:54:55,1425099295,26,7.7,48
27/02/2015 23:55:25,1425099325,23,7.8,47
27/02/2015 23:55:55,1425099355,4,7.7,48
27/02/2015 23:56:25,1425099385,25,7.6,47
27/02/2015 23:56:55,1425099415,29,7.9,48
27/02/2015 23:57:25,1425099445,3,7.8,48
27/02/2015 23:57:55,1425099475,15,7.5,48
27/02/2015 23:58:25,1425099505,10,7.4,48
27/02/2015 23:58:55,1425099535,10,7.2,48
27/02/2015 23:59:25,1425099565,12,6.9,48
27/02/2015 23:59:55,1425099595,20,6.8,48
28/02/2015 00:00:25,1425099625,18,7,48
28/02/2015 00:00:55,1425099655,30,7.4,48
28/02/2015 00:01:25,1425099685,33,7.9,48
28/02/2015 00:01:55,1425099715,7,7.9,48
28/02/2015 00:02:25,1425099745,29,8.1,48
28/02/2015 00:02:55,1425099775,21,8.2,48
28/02/2015 00:03:25,1425099805,7,7.9,48
28/02/2015 00:03:55,1425099835,20,7.9,48
28/02/2015 00:04:25,1425099865,26,8,48
28/02/2015 00:04:55,1425099895,15,7.8,48
28/02/2015 00:05:25,1425099925,21,8.1,48
28/02/2015 00:05:55,1425099955,5,7.9,48
28/02/2015 00:06:25,1425099985,4,7.5,48
28/02/2015 00:06:55,1425100015,30,7.6,48
28/02/2015 00:07:25,1425100045,20,7.7,48
28/02/2015 00:07:55,1425100075,12,7.9,48
28/02/2015 00:08:25,1425100105,2,7.5,48
28/02/2015 00:08:55,1425100135,6,7.1,48
28/02/2015 00:09:25,1425100165,22,6.8,48
28/02/2015 00:09:55,1425100195,5,6.9,48
28/02/2015 00:10:25,1425100225,14,6.8,48
28/02/2015 00:10:55,1425100255,27,6.8,48
28/02/2015 00:11:25,1425100285,8,6.9,48
28/02/2015 00:11:55,1425100315,3,6.5,48
28/02/2015 00:12:25,1425100345,29,6.7,48
28/02/2015 00:12:55,1425100375,6,6.8,48
28/02/2015 00:13:25,1425100405,22,6.6,48
28/02/2015 00:13:55,1425100435,27,7.4,48
28/02/2015 00:14:25,1425100465,9,7.1,48
28/02/2015 00:14:55,1425100495,12,7,48
28/02/2015 00:15:25,1425100525,7,6.7,49
28/02/2015 00:15:55,1425100555,25,6.8,48
28/02/2015 00:16:25,1425100585,15,6.9,48
28/02/2015 00:16:55,1425100615,33,6.9,48
28/02/2015 00:17:25,1425100645,11,7.3,48
28/02/2015 00:17:55,1425100675,4,6.9,49
28/02/2015 00:18:25,1425100705,13,6.7,48
28/02/2015 00:18:55,1425100735,8,6.4,48
28/02/2015 00:19:25,1425100765,15,6.1,48
28/02/2015 00:19:55,1425100795,20,6.1,48
28/02/2015 00:20:25,1425100825,15,6.4,48
28/02/2015 00:20:55,1425100855,60,7.8,48
28/02/2015 00:21:25,1425100885,12,7.9,48
28/02/2015 00:21:55,1425100915,25,7.7,48
28/02/2015 00:22:25,1425100945,9,7.7,48
28/02/2015 00:22:55,1425100975,28,7.8,48
28/02/2015 00:23:25,1425101005,19,8,48
28/02/2015 00:23:55,1425101035,19,8.1,47
28/02/2015 00:24:25,1425101065,15,7.8,48
28/02/2015 00:24:55,1425101095,6,7.8,48
28/02/2015 00:25:25,1425101125,21,7.8,48
28/02/2015 00:25:55,1425101155,13,7.7,48
28/02/2015 00:26:25,1425101185,22,7.7,48
28/02/2015 00:26:55,1425101215,4,7.5,48
28/02/2015 00:27:25,1425101245,32,7.5,48
28/02/2015 00:27:55,1425101275,28,7.9,48
28/02/2015 00:28:25,1425101305,20,8,48
28/02/2015 00:28:55,1425101335,9,7.9,48
28/02/2015 00:29:25,1425101365,13,7.7,48
28/02/2015 00:29:55,1425101395,29,7.8,48
28/02/2015 00:30:25,1425101425,10,7.7,48
28/02/2015 00:30:55,1425101455,22,7.9,48
28/02/2015 00:31:25,1425101485,17,7.7,48
28/02/2015 00:31:55,1425101515,27,7.9,48
28/02/2015 00:32:25,1425101545,14,8.1,48
28/02/2015 00:32:55,1425101575,19,8,48
28/02/2015 00:33:25,1425101605,20,7.9,48
28/02/2015 00:33:55,1425101635,24,8.2,48
28/02/2015 00:34:25,1425101665,15,7.9,48
28/02/2015 00:34:55,1425101695,24,7.9,48
28/02/2015 00:35:25,1425101725,22,8.1,49
28/02/2015 00:35:55,1425101755,24,8.2,48
28/02/2015 00:36:25,1425101785,10,7.9,48
28/02/2015 00:36:55,1425101815,5,7.6,48
28/02/2015 00:37:25,1425101845,44,7.8,48
28/02/2015 00:37:55,1425101875,34,8.5,48
28/02/2015 00:38:25,1425101905,13,8.4,49
28/02/2015 00:38:55,1425101935,17,8.2,49
28/02/2015 00:39:25,1425101965,6,7.9,48
28/02/2015 00:39:55,1425101995,56,8.1,48
28/02/2015 00:40:25,1425102025,7,9,48
28/02/2015 00:40:55,1425102055,16,8.4,49
28/02/2015 00:41:25,1425102085,29,8.5,48
28/02/2015 00:41:55,1425102115,10,8.1,48
28/02/2015 00:42:25,1425102145,12,7.8,48
28/02/2015 00:42:55,1425102175,15,7.9,48
28/02/2015 00:43:25,1425102205,8,7.6,48
28/02/2015 00:43:55,1425102235,23,7.5,48
28/02/2015 00:44:25,1425102265,22,7.6,48
28/02/2015 00:44:55,1425102295,10,7.6,48
28/02/2015 00:45:25,1425102325,26,7.6,47
28/02/2015 00:45:55,1425102355,23,7.8,46
28/02/2015 00:46:25,1425102385,14,7.8,47
28/02/2015 00:46:55,1425102415,6,7.5,47
28/02/2015 00:47:25,1425102445,21,7.6,47
28/02/2015 00:47:55,1425102475,1,7.3,47
28/02/2015 00:48:25,1425102505,49,7.5,47
28/02/2015 00:48:55,1425102535,11,8.1,48
28/02/2015 00:49:25,1425102565,40,8.2,47
28/02/2015 00:49:55,1425102595,21,8.7,47
28/02/2015 00:50:25,1425102625,14,8.2,47
28/02/2015 00:50:55,1425102655,0,7.9,47
28/02/2015 00:51:25,1425102685,13,7.4,47
28/02/2015 00:51:55,1425102715,14,7.4,47
28/02/2015 00:52:25,1425102745,7,7.2,47
28/02/2015 00:52:55,1425102775,23,7.2,47
28/02/2015 00:53:25,1425102805,9,7.1,46
28/02/2015 00:53:55,1425102835,9,6.7,46
28/02/2015 00:54:25,1425102865,9,6.6,46
28/02/2015 00:54:55,1425102895,5,6.3,46
28/02/2015 00:55:25,1425102925,24,6.1,46
28/02/2015 00:55:55,1425102955,11,6.3,46
28/02/2015 00:56:25,1425102985,4,6.1,46
28/02/2015 00:56:55,1425103015,13,5.9,46
28/02/2015 00:57:25,1425103045,8,5.7,46
28/02/2015 00:57:55,1425103075,14,5.7,46
28/02/2015 00:58:25,1425103105,33,6,46
28/02/2015 00:58:55,1425103135,5,6.1,46
28/02/2015 00:59:25,1425103165,11,5.8,46
28/02/2015 00:59:55,1425103195,7,5.5,46
28/02/2015 01:00:25,1425103225,4,5.3,47
28/02/2015 01:00:55,1425103255,14,5.4,47
28/02/2015 01:01:25,1425103285,31,6,46
28/02/2015 01:01:55,1425103315,18,5.9,47
28/02/2015 01:02:25,1425103345,7,5.8,47
28/02/2015 01:02:55,1425103375,25,6,47
28/02/2015 01:03:25,1425103405,8,5.8,48
28/02/2015 01:03:55,1425103435,27,5.6,48
28/02/2015 01:04:25,1425103465,9,5.8,47
28/02/2015 01:04:55,1425103495,31,6,47
28/02/2015 01:05:25,1425103525,23,6.5,48
28/02/2015 01:05:55,1425103555,6,6.4,48
28/02/2015 01:06:25,1425103585,12,6.1,47
28/02/2015 01:06:55,1425103615,7,5.9,47
28/02/2015 01:07:25,1425103645,12,5.6,48
28/02/2015 01:07:55,1425103675,8,5.6,48
28/02/2015 01:08:25,1425103705,20,5.8,48
28/02/2015 01:08:55,1425103735,6,5.5,48
28/02/2015 01:09:25,1425103765,19,5.4,48
28/02/2015 01:09:55,1425103795,7,5.5,49
28/02/2015 01:10:25,1425103825,26,5.7,49
28/02/2015 01:10:55,1425103855,45,6.6,49
28/02/2015 01:11:25,1425103885,28,7.2,49
28/02/2015 01:11:55,1425103915,10,7.2,49
28/02/2015 01:12:25,1425103945,15,7.1,48
28/02/2015 01:12:55,1425103975,6,6.9,49
28/02/2015 01:13:25,1425104005,21,6.8,49
28/02/2015 01:13:55,1425104035,24,7.1,48
28/02/2015 01:14:25,1425104065,3,7,49
28/02/2015 01:14:55,1425104095,22,7,49
28/02/2015 01:15:25,1425104125,8,6.8,48
28/02/2015 01:15:55,1425104155,18,6.9,49
28/02/2015 01:16:25,1425104185,52,7.9,49
28/02/2015 01:16:55,1425104215,4,7.6,49
28/02/2015 01:17:25,1425104245,7,7.3,49
28/02/2015 01:17:55,1425104275,18,7.1,49
28/02/2015 01:18:25,1425104305,29,7.5,49
28/02/2015 01:18:55,1425104335,3,7.3,49
28/02/2015 01:19:25,1425104365,6,6.9,49
28/02/2015 01:19:55,1425104395,8,6.7,49
28/02/2015 01:20:25,1425104425,13,6.6,50
28/02/2015 01:20:55,1425104455,20,6.6,49
28/02/2015 01:21:25,1425104485,17,6.8,50
28/02/2015 01:21:55,1425104515,21,6.9,50
28/02/2015 01:22:25,1425104545,5,6.7,50
28/02/2015 01:22:55,1425104575,13,6.6,49
28/02/2015 01:23:25,1425104605,34,7.2,49
28/02/2015 01:23:55,1425104635,10,7.1,49
28/02/2015 01:24:25,1425104665,9,6.9,50
28/02/2015 01:24:55,1425104695,20,7,50
28/02/2015 01:25:25,1425104725,22,7.2,50
28/02/2015 01:25:55,1425104755,7,7,50
28/02/2015 01:26:25,1425104785,32,7,50
28/02/2015 01:26:55,1425104815,30,7.8,50
28/02/2015 01:27:25,1425104845,21,7.9,50
28/02/2015 01:27:55,1425104875,19,7.9,50
28/02/2015 01:28:25,1425104905,19,7.8,50
28/02/2015 01:28:55,1425104935,9,7.7,50
28/02/2015 01:29:25,1425104965,10,7.5,50
28/02/2015 01:29:55,1425104995,18,7.2,50
28/02/2015 01:30:25,1425105025,16,7.6,50
28/02/2015 01:30:55,1425105055,20,7.5,50
28/02/2015 01:31:25,1425105085,14,7.5,50
28/02/2015 01:31:55,1425105115,24,7.4,50
28/02/2015 01:32:25,1425105145,10,7.5,50
28/02/2015 01:32:55,1425105175,10,7.4,51
28/02/2015 01:33:25,1425105205,21,7.4,51
28/02/2015 01:33:55,1425105235,47,8.2,51
28/02/2015 01:34:25,1425105265,8,8.1,51
28/02/2015 01:34:55,1425105295,0,7.7,51
28/02/2015 01:35:25,1425105325,18,7.4,51
28/02/2015 01:35:55,1425105355,6,7.4,51
28/02/2015 01:36:25,1425105385,14,7.1,51
28/02/2015 01:36:55,1425105415,10,7.1,51
28/02/2015 01:37:25,1425105445,15,7.3,51
28/02/2015 01:37:55,1425105475,19,7.1,50
28/02/2015 01:38:25,1425105505,4,7,50
28/02/2015 01:38:55,1425105535,0,6.6,49
28/02/2015 01:39:25,1425105565,14,6.4,49
28/02/2015 01:39:55,1425105595,17,6.3,49
28/02/2015 01:40:25,1425105625,14,6.2,49
28/02/2015 01:40:55,1425105655,16,6.4,49
28/02/2015 01:41:25,1425105685,42,6.7,49
28/02/2015 01:41:55,1425105715,13,7.4,49
28/02/2015 01:42:25,1425105745,2,7,49
28/02/2015 01:42:55,1425105775,28,6.9,49
28/02/2015 01:43:25,1425105805,8,7,49
28/02/2015 01:43:55,1425105835,11,6.9,49
28/02/2015 01:44:25,1425105865,25,6.8,49
28/02/2015 01:44:55,1425105895,13,7.1,49
28/02/2015 01:45:25,1425105925,22,7.1,48
28/02/2015 01:45:55,1425105955,0,6.8,48
28/02/2015 01:46:25,1425105985,5,6.4,47
28/02/2015 01:46:55,1425106015,24,6.4,46
28/02/2015 01:47:25,1425106045,11,6.5,46
28/02/2015 01:47:55,1425106075,19,6.4,46
28/02/2015 01:48:25,1425106105,16,6.6,47
28/02/2015 01:48:55,1425106135,32,6.8,46
28/02/2015 01:49:25,1425106165,17,7.1,46
28/02/2015 01:49:55,1425106195,31,7.1,46
28/02/2015 01:50:25,1425106225,3,7.4,47
28/02/2015 01:50:55,1425106255,0,7,47
28/02/2015 01:51:25,1425106285,6,6.6,47
28/02/2015 01:51:55,1425106315,26,6.6,48
28/02/2015 01:52:25,1425106345,16,6.8,48
28/02/2015 01:52:55,1425106375,27,7,48
28/02/2015 01:53:25,1425106405,22,7.1,48
28/02/2015 01:53:55,1425106435,4,7,48
28/02/2015 01:54:25,1425106465,14,6.7,48
28/02/2015 01:54:55,1425106495,29,6.8,48
28/02/2015 01:55:25,1425106525,8,7.2,48
28/02/2015 01:55:55,1425106555,10,6.9,48
28/02/2015 01:56:25,1425106585,6,6.7,48
28/02/2015 01:56:55,1425106615,20,6.5,49
28/02/2015 01:57:25,1425106645,9,6.7,49
28/02/2015 01:57:55,1425106675,25,6.8,49
28/02/2015 01:58:25,1425106705,14,6.9,49
28/02/2015 01:58:55,1425106735,10,6.8,49
28/02/2015 01:59:25,1425106765,8,6.5,49
28/02/2015 01:59:55,1425106795,15,6.3,49
28/02/2015 02:00:25,1425106825,18,6.4,49
28/02/2015 02:00:55,1425106855,20,6.5,50
28/02/2015 02:01:25,1425106885,15,6.6,49
28/02/2015 02:01:55,1425106915,4,6.3,50
28/02/2015 02:02:25,1425106945,2,5.9,50
28/02/2015 02:02:55,1425106975,12,5.7,50
28/02/2015 02:03:25,1425107005,14,5.7,49
28/02/2015 02:03:55,1425107035,4,5.4,49
28/02/2015 02:04:25,1425107065,18,5.4,50
28/02/2015 02:04:55,1425107095,0,5.3,49
28/02/2015 02:05:25,1425107125,31,5.5,50
28/02/2015 02:05:55,1425107155,10,5.7,49
28/02/2015 02:06:25,1425107185,0,5.4,49
28/02/2015 02:06:55,1425107215,21,5.4,49
28/02/2015 02:07:25,1425107245,27,5.7,49
28/02/2015 02:07:55,1425107275,7,6,49
28/02/2015 02:08:25,1425107305,34,6.3,49
28/02/2015 02:08:55,1425107335,22,6.7,50
28/02/2015 02:09:25,1425107365,14,6.5,50
28/02/2015 02:09:55,1425107395,21,6.7,50
28/02/2015 02:10:25,1425107425,18,6.9,50
28/02/2015 02:10:55,1425107455,11,7,50
28/02/2015 02:11:25,1425107485,6,6.6,50
28/02/2015 02:11:55,1425107515,9,6.4,50
28/02/2015 02:12:25,1425107545,13,6.3,50
28/02/2015 02:12:55,1425107575,20,6,49
28/02/2015 02:13:25,1425107605,15,6.3,50
28/02/2015 02:13:55,1425107635,25,6.3,50
28/02/2015 02:14:25,1425107665,18,6.6,50
28/02/2015 02:14:55,1425107695,6,6.4,50
28/02/2015 02:15:25,1425107725,45,6.9,50
28/02/2015 02:15:55,1425107755,30,7.7,50
28/02/2015 02:16:25,1425107785,3,7.6,50
28/02/2015 02:16:55,1425107815,7,7.2,50
28/02/2015 02:17:25,1425107845,16,6.9,50
28/02/2015 02:17:55,1425107875,28,7.3,50
28/02/2015 02:18:25,1425107905,15,7.4,50
28/02/2015 02:18:55,1425107935,13,7.2,50
28/02/2015 02:19:25,1425107965,13,7.1,50
28/02/2015 02:19:55,1425107995,29,7.2,50
28/02/2015 02:20:25,1425108025,22,7.5,50
28/02/2015 02:20:55,1425108055,24,7.7,50
28/02/2015 02:21:25,1425108085,24,7.7,50
28/02/2015 02:21:55,1425108115,19,7.9,50
28/02/2015 02:22:25,1425108145,5,7.8,50
28/02/2015 02:22:55,1425108175,16,7.6,50
28/02/2015 02:23:25,1425108205,5,7.4,51
28/02/2015 02:23:55,1425108235,0,7,51
28/02/2015 02:24:25,1425108265,13,6.7,51
28/02/2015 02:24:55,1425108295,9,6.5,51
28/02/2015 02:25:25,1425108325,8,6.3,51
28/02/2015 02:25:55,1425108355,5,6,51
28/02/2015 02:26:25,1425108385,14,6,52
28/02/2015 02:26:55,1425108415,7,5.8,51
28/02/2015 02:27:25,1425108445,4,5.4,51
28/02/2015 02:27:55,1425108475,12,5.3,51
28/02/2015 02:28:25,1425108505,21,5.5,51
28/02/2015 02:28:55,1425108535,12,5.5,51
28/02/2015 02:29:25,1425108565,12,5.6,51
28/02/2015 02:29:55,1425108595,1,5.3,51
28/02/2015 02:30:25,1425108625,13,5.2,52
28/02/2015 02:30:55,1425108655,7,5.3,51
28/02/2015 02:31:25,1425108685,7,5.1,52
28/02/2015 02:31:55,1425108715,8,5.2,52
28/02/2015 02:32:25,1425108745,7,5.1,52
28/02/2015 02:32:55,1425108775,0,4.9,52
28/02/2015 02:33:25,1425108805,15,5,52
28/02/2015 02:33:55,1425108835,4,5,52
28/02/2015 02:34:25,1425108865,19,5.1,52
28/02/2015 02:34:55,1425108895,15,5.3,50
28/02/2015 02:35:25,1425108925,15,5.4,49
28/02/2015 02:35:55,1425108955,21,5.5,49
28/02/2015 02:36:25,1425108985,23,6.2,49
28/02/2015 02:36:55,1425109015,11,6.1,49
28/02/2015 02:37:25,1425109045,19,6,49
28/02/2015 02:37:55,1425109075,26,6.3,49
28/02/2015 02:38:25,1425109105,4,6.2,49
28/02/2015 02:38:55,1425109135,26,6.5,49
28/02/2015 02:39:25,1425109165,5,6.2,50
28/02/2015 02:39:55,1425109195,28,6.4,49
28/02/2015 02:40:25,1425109225,16,6.7,49
28/02/2015 02:40:55,1425109255,27,6.6,49
28/02/2015 02:41:25,1425109285,17,6.9,49
28/02/2015 02:41:55,1425109315,5,6.9,50
28/02/2015 02:42:25,1425109345,0,6.5,50
28/02/2015 02:42:55,1425109375,25,6.6,50
28/02/2015 02:43:25,1425109405,8,6.5,49
28/02/2015 02:43:55,1425109435,13,6.2,49
28/02/2015 02:44:25,1425109465,15,6.2,49
28/02/2015 02:44:55,1425109495,14,6.3,49
28/02/2015 02:45:25,1425109525,14,6.2,49
28/02/2015 02:45:55,1425109555,11,6.2,50
28/02/2015 02:46:25,1425109585,17,6.1,50
28/02/2015 02:46:55,1425109615,19,6.1,50
28/02/2015 02:47:25,1425109645,15,6.2,50
28/02/2015 02:47:55,1425109675,0,6,50
28/02/2015 02:48:25,1425109705,0,5.5,50
28/02/2015 02:48:55,1425109735,21,5.5,50
28/02/2015 02:49:25,1425109765,17,5.8,50
28/02/2015 02:49:55,1425109795,13,5.8,50
28/02/2015 02:50:25,1425109825,1,5.4,50
28/02/2015 02:50:55,1425109855,10,5.3,50
28/02/2015 02:51:25,1425109885,16,5.5,50
28/02/2015 02:51:55,1425109915,7,5.3,49
28/02/2015 02:52:25,1425109945,1,5.1,50
28/02/2015 02:52:55,1425109975,20,5.2,50
28/02/2015 02:53:25,1425110005,5,5.3,50
28/02/2015 02:53:55,1425110035,9,5.3,50
28/02/2015 02:54:25,1425110065,7,5.2,50
28/02/2015 02:54:55,1425110095,16,5.3,50
28/02/2015 02:55:25,1425110125,8,5.4,50
28/02/2015 02:55:55,1425110155,8,5.3,50
28/02/2015 02:56:25,1425110185,8,5.3,50
28/02/2015 02:56:55,1425110215,6,5.2,51
28/02/2015 02:57:25,1425110245,23,5.4,51
28/02/2015 02:57:55,1425110275,16,5.5,52
28/02/2015 02:58:25,1425110305,8,5.5,51
28/02/2015 02:58:55,1425110335,12,5.4,51
28/02/2015 02:59:25,1425110365,1,5.2,51
28/02/2015 02:59:55,1425110395,8,5.1,51
28/02/2015 03:00:25,1425110425,9,5.3,51
28/02/2015 03:00:55,1425110455,13,5.2,51
28/02/2015 03:01:25,1425110485,16,5.5,52
28/02/2015 03:01:55,1425110515,14,5.6,51
28/02/2015 03:02:25,1425110545,6,5.5,51
28/02/2015 03:02:55,1425110575,15,5.4,51
28/02/2015 03:03:25,1425110605,19,5.7,51
28/02/2015 03:03:55,1425110635,10,5.4,51
28/02/2015 03:04:25,1425110665,24,5.6,51
28/02/2015 03:04:55,1425110695,12,5.8,51
28/02/2015 03:05:25,1425110725,10,5.6,51
28/02/2015 03:05:55,1425110755,19,5.5,52
28/02/2015 03:06:25,1425110785,11,5.5,52
28/02/2015 03:06:55,1425110815,2,5.4,52
28/02/2015 03:07:25,1425110845,13,5.3,52
28/02/2015 03:07:55,1425110875,0,5.2,51
28/02/2015 03:08:25,1425110905,27,5.5,52
28/02/2015 03:08:55,1425110935,18,6.1,52
28/02/2015 03:09:25,1425110965,57,6.3,52
28/02/2015 03:09:55,1425110995,145,9.8,52
28/02/2015 03:10:25,1425111025,87,13.2,52
28/02/2015 03:10:55,1425111055,134,13.9,51
28/02/2015 03:11:25,1425111085,97,16.8,51
28/02/2015 03:11:55,1425111115,70,17.9,51
28/02/2015 03:12:25,1425111145,34,17.4,50
28/02/2015 03:12:55,1425111175,65,16.8,50
28/02/2015 03:13:25,1425111205,12,16.4,50
28/02/2015 03:13:55,1425111235,33,15.7,50
28/02/2015 03:14:25,1425111265,5,14.6,51
28/02/2015 03:14:55,1425111295,2,13.3,51
28/02/2015 03:15:25,1425111325,15,12.4,51
28/02/2015 03:15:55,1425111355,10,11.5,51
28/02/2015 03:16:25,1425111385,10,10.9,51
28/02/2015 03:16:55,1425111415,7,10.4,51
28/02/2015 03:17:25,1425111445,23,9.8,52
28/02/2015 03:17:55,1425111475,23,9.9,52
28/02/2015 03:18:25,1425111505,6,9.5,52
28/02/2015 03:18:55,1425111535,32,9.3,52
28/02/2015 03:19:25,1425111565,20,9.1,51
28/02/2015 03:19:55,1425111595,8,8.8,50
28/02/2015 03:20:25,1425111625,12,8.2,50
28/02/2015 03:20:55,1425111655,8,8,50
28/02/2015 03:21:25,1425111685,2,7.6,49
28/02/2015 03:21:55,1425111715,5,7.1,49
28/02/2015 03:22:25,1425111745,28,7.1,49
28/02/2015 03:22:55,1425111775,6,7,49
28/02/2015 03:23:25,1425111805,549,11.8,49
28/02/2015 03:23:55,1425111835,859,28.1,49
28/02/2015 03:24:25,1425111865,1511,47.7,49
28/02/2015 03:24:55,1425111895,1702,69.6,49
28/02/2015 03:25:25,1425111925,1266,87.8,49
28/02/2015 03:25:55,1425111955,943,93.3,49
28/02/2015 03:26:25,1425111985,1111,100.9,49
28/02/2015 03:26:55,1425112015,1215,111.4,49
28/02/2015 03:27:25,1425112045,1152,115.6,49
28/02/2015 03:27:55,1425112075,941,117.5,49
28/02/2015 03:28:25,1425112105,809,111.4,49
28/02/2015 03:28:55,1425112135,688,106,49
28/02/2015 03:29:25,1425112165,602,97.9,49
28/02/2015 03:29:55,1425112195,291,86.5,49
28/02/2015 03:30:25,1425112225,301,75.1,49
28/02/2015 03:30:55,1425112255,55,66.2,49
28/02/2015 03:31:25,1425112285,45,58.5,49
28/02/2015 03:31:55,1425112315,32,50.5,49
28/02/2015 03:32:25,1425112345,40,44.9,49
28/02/2015 03:32:55,1425112375,59,40.8,49
28/02/2015 03:33:25,1425112405,41,36.6,49
28/02/2015 03:33:55,1425112435,49,33.1,49
28/02/2015 03:34:25,1425112465,12,30.2,49
28/02/2015 03:34:55,1425112495,32,27.6,49
28/02/2015 03:35:25,1425112525,30,25.1,50
28/02/2015 03:35:55,1425112555,2,23.5,50
28/02/2015 03:36:25,1425112585,14,21.5,51
28/02/2015 03:36:55,1425112615,8,19.7,51
28/02/2015 03:37:25,1425112645,18,18,52
28/02/2015 03:37:55,1425112675,3,16.6,52
28/02/2015 03:38:25,1425112705,22,15.4,51
28/02/2015 03:38:55,1425112735,34,14.8,52
28/02/2015 03:39:25,1425112765,21,13.8,52
28/02/2015 03:39:55,1425112795,25,13.2,52
28/02/2015 03:40:25,1425112825,15,12.6,52
28/02/2015 03:40:55,1425112855,28,12,52
28/02/2015 03:41:25,1425112885,19,11.7,52
28/02/2015 03:41:55,1425112915,7,11,52
28/02/2015 03:42:25,1425112945,19,10.5,51
28/02/2015 03:42:55,1425112975,23,9.9,52
28/02/2015 03:43:25,1425113005,17,9.8,52
28/02/2015 03:43:55,1425113035,25,9.6,51
28/02/2015 03:44:25,1425113065,0,9.2,52
28/02/2015 03:44:55,1425113095,22,8.9,52
28/02/2015 03:45:25,1425113125,9,8.5,51
28/02/2015 03:45:55,1425113155,3,7.9,51
28/02/2015 03:46:25,1425113185,25,7.7,50
28/02/2015 03:46:55,1425113215,10,7.7,50
28/02/2015 03:47:25,1425113245,30,7.6,50
28/02/2015 03:47:55,1425113275,24,8.1,50
28/02/2015 03:48:25,1425113305,9,7.8,50
28/02/2015 03:48:55,1425113335,28,7.8,50
28/02/2015 03:49:25,1425113365,31,8.6,50
28/02/2015 03:49:55,1425113395,18,8.1,50
28/02/2015 03:50:25,1425113425,6,7.7,50
28/02/2015 03:50:55,1425113455,25,7.7,50
28/02/2015 03:51:25,1425113485,8,7.5,50
28/02/2015 03:51:55,1425113515,16,7.4,50
28/02/2015 03:52:25,1425113545,10,7.2,50
28/02/2015 03:52:55,1425113575,16,7.2,50
28/02/2015 03:53:25,1425113605,24,7.2,50
28/02/2015 03:53:55,1425113635,13,7.3,50
28/02/2015 03:54:25,1425113665,0,6.9,50
28/02/2015 03:54:55,1425113695,2,6.4,50
28/02/2015 03:55:25,1425113725,6,6,50
28/02/2015 03:55:55,1425113755,2,5.7,50
28/02/2015 03:56:25,1425113785,28,5.7,50
28/02/2015 03:56:55,1425113815,28,6.1,50
28/02/2015 03:57:25,1425113845,3,6,50
28/02/2015 03:57:55,1425113875,0,5.6,51
28/02/2015 03:58:25,1425113905,19,5.3,51
28/02/2015 03:58:55,1425113935,12,5.6,51
28/02/2015 03:59:25,1425113965,7,5.4,51
28/02/2015 03:59:55,1425113995,11,5.3,51
28/02/2015 04:00:25,1425114025,8,5.3,51
28/02/2015 04:00:55,1425114055,30,5.5,51
28/02/2015 04:01:25,1425114085,6,5.9,51
28/02/2015 04:01:55,1425114115,14,5.7,52
28/02/2015 04:02:25,1425114145,12,5.5,52
28/02/2015 04:02:55,1425114175,11,5.5,52
28/02/2015 04:03:25,1425114205,23,5.6,52
28/02/2015 04:03:55,1425114235,7,5.6,52
28/02/2015 04:04:25,1425114265,1,5.3,52
28/02/2015 04:04:55,1425114295,6,5.1,52
28/02/2015 04:05:25,1425114325,5,5.2,53
28/02/2015 04:05:55,1425114355,5,5.1,53
28/02/2015 04:06:25,1425114385,8,5,53
28/02/2015 04:06:55,1425114415,5,4.9,52
28/02/2015 04:07:25,1425114445,0,4.8,52
28/02/2015 04:07:55,1425114475,14,4.8,52
28/02/2015 04:08:25,1425114505,6,4.8,52
28/02/2015 04:08:55,1425114535,4,4.8,52
28/02/2015 04:09:25,1425114565,12,4.8,51
28/02/2015 04:09:55,1425114595,10,5,51
28/02/2015 04:10:25,1425114625,16,5.1,50
28/02/2015 04:10:55,1425114655,2,5.2,50
28/02/2015 04:11:25,1425114685,10,5.2,50
28/02/2015 04:11:55,1425114715,6,5.2,51
28/02/2015 04:12:25,1425114745,20,5.3,51
28/02/2015 04:12:55,1425114775,29,5.7,51
28/02/2015 04:13:25,1425114805,10,6.1,52
28/02/2015 04:13:55,1425114835,9,5.7,52
28/02/2015 04:14:25,1425114865,8,5.6,52
28/02/2015 04:14:55,1425114895,1,5.4,52
28/02/2015 04:15:25,1425114925,12,5.3,52
28/02/2015 04:15:55,1425114955,14,5.5,52
28/02/2015 04:16:25,1425114985,9,5.3,52
28/02/2015 04:16:55,1425115015,10,5.3,51
28/02/2015 04:17:25,1425115045,1,5.1,51
28/02/2015 04:17:55,1425115075,24,5.3,51
28/02/2015 04:18:25,1425115105,14,5.7,51
28/02/2015 04:18:55,1425115135,10,5.6,51
28/02/2015 04:19:25,1425115165,16,5.4,52
28/02/2015 04:19:55,1425115195,4,5.3,51
28/02/2015 04:20:25,1425115225,14,5.2,51
28/02/2015 04:20:55,1425115255,12,5.3,52
28/02/2015 04:21:25,1425115285,12,5.3,52
28/02/2015 04:21:55,1425115315,10,5.3,52
28/02/2015 04:22:25,1425115345,8,5.2,52
28/02/2015 04:22:55,1425115375,13,5.3,52
28/02/2015 04:23:25,1425115405,10,5.3,51
28/02/2015 04:23:55,1425115435,15,5.6,52
28/02/2015 04:24:25,1425115465,6,5.4,51
28/02/2015 04:24:55,1425115495,2,5.1,51
28/02/2015 04:25:25,1425115525,1,4.9,51
28/02/2015 04:25:55,1425115555,12,4.9,51
28/02/2015 04:26:25,1425115585,0,4.9,50
28/02/2015 04:26:55,1425115615,5,4.6,50
28/02/2015 04:27:25,1425115645,5,4.7,50
28/02/2015 04:27:55,1425115675,10,4.6,50
28/02/2015 04:28:25,1425115705,1870,8.9,50
28/02/2015 04:28:55,1425115735,6539,31.1,49
28/02/2015 04:29:25,1425115765,4920,55.6,48
28/02/2015 04:29:55,1425115795,3158,80.1,49
28/02/2015 04:30:25,1425115825,2472,103.2,48
28/02/2015 04:30:55,1425115855,750,106,48
28/02/2015 04:31:25,1425115885,363,93.2,48
28/02/2015 04:31:55,1425115915,209,80.1,48
28/02/2015 04:32:25,1425115945,183,67.9,48
28/02/2015 04:32:55,1425115975,121,58.2,48
28/02/2015 04:33:25,1425116005,106,51.4,48
28/02/2015 04:33:55,1425116035,76,45.8,48
28/02/2015 04:34:25,1425116065,29,40.8,49
28/02/2015 04:34:55,1425116095,22,37.1,48
28/02/2015 04:35:25,1425116125,35,33.2,49
28/02/2015 04:35:55,1425116155,38,29.7,48
28/02/2015 04:36:25,1425116185,22,26.8,48
28/02/2015 04:36:55,1425116215,11,24.3,49
28/02/2015 04:37:25,1425116245,18,22.3,49
28/02/2015 04:37:55,1425116275,2,20.5,49
28/02/2015 04:38:25,1425116305,6,18.7,49
28/02/2015 04:38:55,1425116335,8,17.2,49
28/02/2015 04:39:25,1425116365,20,15.8,48
28/02/2015 04:39:55,1425116395,8,15,49
28/02/2015 04:40:25,1425116425,13,13.8,49
28/02/2015 04:40:55,1425116455,12,13,49
28/02/2015 04:41:25,1425116485,7,12.2,49
28/02/2015 04:41:55,1425116515,8,11.2,49
28/02/2015 04:42:25,1425116545,5,10.4,49
28/02/2015 04:42:55,1425116575,20,10,49
28/02/2015 04:43:25,1425116605,9,9.5,49
28/02/2015 04:43:55,1425116635,11,9.1,49
28/02/2015 04:44:25,1425116665,4,8.3,48
28/02/2015 04:44:55,1425116695,5,7.8,49
28/02/2015 04:45:25,1425116725,4,7.4,48
28/02/2015 04:45:55,1425116755,18,7.4,48
28/02/2015 04:46:25,1425116785,0,7.1,48
28/02/2015 04:46:55,1425116815,0,6.6,49
28/02/2015 04:47:25,1425116845,11,6.3,49
28/02/2015 04:47:55,1425116875,8,6.2,49
28/02/2015 04:48:25,1425116905,19,6.2,49
28/02/2015 04:48:55,1425116935,6,6.1,49
28/02/2015 04:49:25,1425116965,7,5.6,49
28/02/2015 04:49:55,1425116995,19,5.8,48
28/02/2015 04:50:25,1425117025,4,5.8,47
28/02/2015 04:50:55,1425117055,11,5.4,46
28/02/2015 04:51:25,1425117085,5,5.5,47
28/02/2015 04:51:55,1425117115,39,5.7,46
28/02/2015 04:52:25,1425117145,39,6.4,47
28/02/2015 04:52:55,1425117175,42,7.5,47
28/02/2015 04:53:25,1425117205,11,7.9,47
28/02/2015 04:53:55,1425117235,31,7.9,47
28/02/2015 04:54:25,1425117265,8,8,47
28/02/2015 04:54:55,1425117295,44,8.3,48
28/02/2015 04:55:25,1425117325,13,8.3,48
28/02/2015 04:55:55,1425117355,0,7.9,48
28/02/2015 04:56:25,1425117385,16,7.6,48
28/02/2015 04:56:55,1425117415,7,7.5,48
28/02/2015 04:57:25,1425117445,14,7.2,48
28/02/2015 04:57:55,1425117475,0,6.8,49
28/02/2015 04:58:25,1425117505,15,6.6,48
28/02/2015 04:58:55,1425117535,1,6.2,48
28/02/2015 04:59:25,1425117565,25,6.2,47
28/02/2015 04:59:55,1425117595,40,6.4,47
28/02/2015 05:00:25,1425117625,12,6.8,47
28/02/2015 05:00:55,1425117655,12,6.9,47
28/02/2015 05:01:25,1425117685,22,6.8,47
28/02/2015 05:01:55,1425117715,19,6.9,47
28/02/2015 05:02:25,1425117745,11,6.8,47
28/02/2015 05:02:55,1425117775,17,6.6,47
28/02/2015 05:03:25,1425117805,3,6.5,47
28/02/2015 05:03:55,1425117835,4,6.1,47
28/02/2015 05:04:25,1425117865,18,6,47
28/02/2015 05:04:55,1425117895,10,5.8,47
28/02/2015 05:05:25,1425117925,0,5.5,47
28/02/2015 05:05:55,1425117955,1,5.2,47
28/02/2015 05:06:25,1425117985,11,5.1,48
28/02/2015 05:06:55,1425118015,9,5.1,48
28/02/2015 05:07:25,1425118045,22,5.3,48
28/02/2015 05:07:55,1425118075,14,5.7,48
28/02/2015 05:08:25,1425118105,0,5.4,48
28/02/2015 05:08:55,1425118135,7,5.2,49
28/02/2015 05:09:25,1425118165,23,5.5,49
28/02/2015 05:09:55,1425118195,17,5.5,49
28/02/2015 05:10:25,1425118225,7,5.4,49
28/02/2015 05:10:55,1425118255,4,5.3,49
28/02/2015 05:11:25,1425118285,4,5.1,49
28/02/2015 05:11:55,1425118315,11,5.2,49
28/02/2015 05:12:25,1425118345,4,5.1,49
28/02/2015 05:12:55,1425118375,7,5,49
28/02/2015 05:13:25,1425118405,16,5,49
28/02/2015 05:13:55,1425118435,10,5.2,49
28/02/2015 05:14:25,1425118465,1,5.1,49
28/02/2015 05:14:55,1425118495,13,5.1,49
28/02/2015 05:15:25,1425118525,18,5.4,50
28/02/2015 05:15:55,1425118555,9,5.4,50
28/02/2015 05:16:25,1425118585,13,5.3,50
28/02/2015 05:16:55,1425118615,13,5.4,50
28/02/2015 05:17:25,1425118645,10,5.4,50
28/02/2015 05:17:55,1425118675,0,5.2,50
28/02/2015 05:18:25,1425118705,5,5,50
28/02/2015 05:18:55,1425118735,16,5.1,50
28/02/2015 05:19:25,1425118765,5,5.2,50
28/02/2015 05:19:55,1425118795,4,5,50
28/02/2015 05:20:25,1425118825,2,4.8,50
28/02/2015 05:20:55,1425118855,11,4.8,50
28/02/2015 05:21:25,1425118885,18,5.2,50
28/02/2015 05:21:55,1425118915,7,5.3,50
28/02/2015 05:22:25,1425118945,14,5.4,49
28/02/2015 05:22:55,1425118975,18,5.5,50
28/02/2015 05:23:25,1425119005,7,5.3,50
28/02/2015 05:23:55,1425119035,7,5.2,50
28/02/2015 05:24:25,1425119065,11,5.2,50
28/02/2015 05:24:55,1425119095,7,5.2,50
28/02/2015 05:25:25,1425119125,4,5.2,50
28/02/2015 05:25:55,1425119155,5,5,50
28/02/2015 05:26:25,1425119185,9,4.9,49
28/02/2015 05:26:55,1425119215,5,5,50
28/02/2015 05:27:25,1425119245,31,5.1,49
28/02/2015 05:27:55,1425119275,11,5.7,50
28/02/2015 05:28:25,1425119305,10,5.7,49
28/02/2015 05:28:55,1425119335,3,5.4,49
28/02/2015 05:29:25,1425119365,4,5.2,50
28/02/2015 05:29:55,1425119395,5,5,49
28/02/2015 05:30:25,1425119425,0,4.9,50
28/02/2015 05:30:55,1425119455,12,4.9,49
28/02/2015 05:31:25,1425119485,2,4.9,49
28/02/2015 05:31:55,1425119515,3,4.7,49
28/02/2015 05:32:25,1425119545,6,4.6,49
28/02/2015 05:32:55,1425119575,5,4.7,49
28/02/2015 05:33:25,1425119605,7,4.5,49
28/02/2015 05:33:55,1425119635,7,4.5,50
28/02/2015 05:34:25,1425119665,11,4.6,50
28/02/2015 05:34:55,1425119695,14,4.8,50
28/02/2015 05:35:25,1425119725,5,4.8,50
28/02/2015 05:35:55,1425119755,6,4.8,50
28/02/2015 05:36:25,1425119785,4,4.7,50
28/02/2015 05:36:55,1425119815,16,4.7,50
28/02/2015 05:37:25,1425119845,10,4.9,50
28/02/2015 05:37:55,1425119875,2,4.8,50
28/02/2015 05:38:25,1425119905,18,4.9,50
28/02/2015 05:38:55,1425119935,4,5.1,50
28/02/2015 05:39:25,1425119965,7,5,50
28/02/2015 05:39:55,1425119995,0,4.9,50
28/02/2015 05:40:25,1425120025,5,4.6,50
28/02/2015 05:40:55,1425120055,11,4.9,50
28/02/2015 05:41:25,1425120085,2,4.8,50
28/02/2015 05:41:55,1425120115,25,5,50
28/02/2015 05:42:25,1425120145,5,5.3,50
28/02/2015 05:42:55,1425120175,1,5.1,50
28/02/2015 05:43:25,1425120205,10,5,50
28/02/2015 05:43:55,1425120235,8,4.9,50
28/02/2015 05:44:25,1425120265,3,4.9,49
28/02/2015 05:44:55,1425120295,3,4.7,50
28/02/2015 05:45:25,1425120325,3,4.5,50
28/02/2015 05:45:55,1425120355,14,4.6,50
28/02/2015 05:46:25,1425120385,3,4.7,50
28/02/2015 05:46:55,1425120415,10,4.6,49
28/02/2015 05:47:25,1425120445,1,4.6,50
28/02/2015 05:47:55,1425120475,13,4.5,49
28/02/2015 05:48:25,1425120505,16,4.8,50
28/02/2015 05:48:55,1425120535,3,4.9,50
28/02/2015 05:49:25,1425120565,10,5,50
28/02/2015 05:49:55,1425120595,0,4.8,50
28/02/2015 05:50:25,1425120625,533,5.9,50
28/02/2015 05:50:55,1425120655,2034,24.3,50
28/02/2015 05:51:25,1425120685,2595,48.1,50
28/02/2015 05:51:55,1425120715,1096,64.1,50
28/02/2015 05:52:25,1425120745,1851,85,50
28/02/2015 05:52:55,1425120775,858,92.8,50
28/02/2015 05:53:25,1425120805,251,85.2,51
28/02/2015 05:53:55,1425120835,192,71.9,51
28/02/2015 05:54:25,1425120865,250,63.3,51
28/02/2015 05:54:55,1425120895,93,55.2,51
28/02/2015 05:55:25,1425120925,34,48.1,51
28/02/2015 05:55:55,1425120955,10,43.1,52
28/02/2015 05:56:25,1425120985,8,39.2,51
28/02/2015 05:56:55,1425121015,10,35.6,52
28/02/2015 05:57:25,1425121045,5,32.4,52
28/02/2015 05:57:55,1425121075,19,29.6,52
28/02/2015 05:58:25,1425121105,80,27,52
28/02/2015 05:58:55,1425121135,188,26.6,51
28/02/2015 05:59:25,1425121165,328,30.5,52
28/02/2015 05:59:55,1425121195,430,36,50
28/02/2015 06:00:25,1425121225,303,37.9,50
28/02/2015 06:00:55,1425121255,507,40.7,49
28/02/2015 06:01:25,1425121285,514,49.5,49
28/02/2015 06:01:55,1425121315,334,51,49
28/02/2015 06:02:25,1425121345,325,50.6,49
28/02/2015 06:02:55,1425121375,334,49.4,49
28/02/2015 06:03:25,1425121405,327,47,49
28/02/2015 06:03:55,1425121435,165,44.6,49
28/02/2015 06:04:25,1425121465,212,41.5,49
28/02/2015 06:04:55,1425121495,236,39.4,50
28/02/2015 06:05:25,1425121525,327,39.2,49
28/02/2015 06:05:55,1425121555,234,40.1,49
28/02/2015 06:06:25,1425121585,274,38.3,50
28/02/2015 06:06:55,1425121615,244,39.2,50
28/02/2015 06:07:25,1425121645,235,38.4,50
28/02/2015 06:07:55,1425121675,189,36.6,50
28/02/2015 06:08:25,1425121705,243,35.7,49
28/02/2015 06:08:55,1425121735,219,35.5,49
28/02/2015 06:09:25,1425121765,155,34.6,49
28/02/2015 06:09:55,1425121795,94,32.5,49
28/02/2015 06:10:25,1425121825,27,29.3,49
28/02/2015 06:10:55,1425121855,75,26.9,49
28/02/2015 06:11:25,1425121885,35,24.6,49
28/02/2015 06:11:55,1425121915,29,22.9,49
28/02/2015 06:12:25,1425121945,2,21,50
28/02/2015 06:12:55,1425121975,21,19.4,50
28/02/2015 06:13:25,1425122005,17,18,50
28/02/2015 06:13:55,1425122035,26,16.9,51
28/02/2015 06:14:25,1425122065,25,16,51
28/02/2015 06:14:55,1425122095,18,15.2,51
28/02/2015 06:15:25,1425122125,33,14.4,51
28/02/2015 06:15:55,1425122155,122,14.4,51
28/02/2015 06:16:25,1425122185,380,19,51
28/02/2015 06:16:55,1425122215,786,34.8,52
28/02/2015 06:17:25,1425122245,657,46.2,51
28/02/2015 06:17:55,1425122275,587,55,52
28/02/2015 06:18:25,1425122305,566,57.9,52
28/02/2015 06:18:55,1425122335,596,60.7,51
28/02/2015 06:19:25,1425122365,822,69.1,51
28/02/2015 06:19:55,1425122395,996,76.5,51
28/02/2015 06:20:25,1425122425,876,84,50
28/02/2015 06:20:55,1425122455,1000,89,50
28/02/2015 06:21:25,1425122485,756,93.1,50
28/02/2015 06:21:55,1425122515,703,90.4,50
28/02/2015 06:22:25,1425122545,633,85.9,50
28/02/2015 06:22:55,1425122575,486,79.6,50
28/02/2015 06:23:25,1425122605,421,71.9,50
28/02/2015 06:23:55,1425122635,374,64.2,50
28/02/2015 06:24:25,1425122665,643,64.2,49
28/02/2015 06:24:55,1425122695,942,73.2,50
28/02/2015 06:25:25,1425122725,675,78.4,50
28/02/2015 06:25:55,1425122755,745,79.8,49
28/02/2015 06:26:25,1425122785,509,78.7,49
28/02/2015 06:26:55,1425122815,689,74.4,49
28/02/2015 06:27:25,1425122845,898,80.7,49
28/02/2015 06:27:55,1425122875,624,82.9,49
28/02/2015 06:28:25,1425122905,1027,83.4,49
28/02/2015 06:28:55,1425122935,906,88.3,49
28/02/2015 06:29:25,1425122965,1033,97.1,49
28/02/2015 06:29:55,1425122995,900,100.4,49
28/02/2015 06:30:25,1425123025,772,99.5,49
28/02/2015 06:30:55,1425123055,807,97.7,49
28/02/2015 06:31:25,1425123085,966,99.6,49
28/02/2015 06:31:55,1425123115,638,97.8,49
28/02/2015 06:32:25,1425123145,671,94.6,49
28/02/2015 06:32:55,1425123175,579,87.9,49
28/02/2015 06:33:25,1425123205,510,80.4,49
28/02/2015 06:33:55,1425123235,391,72.7,49
28/02/2015 06:34:25,1425123265,250,65.2,49
28/02/2015 06:34:55,1425123295,383,60.3,49
28/02/2015 06:35:25,1425123325,308,55,49
28/02/2015 06:35:55,1425123355,248,51.3,49
28/02/2015 06:36:25,1425123385,241,47.4,49
28/02/2015 06:36:55,1425123415,163,43.7,49
28/02/2015 06:37:25,1425123445,103,39,49
28/02/2015 06:37:55,1425123475,75,35.2,49
28/02/2015 06:38:25,1425123505,49,31.9,50
28/02/2015 06:38:55,1425123535,55,29.7,50
28/02/2015 06:39:25,1425123565,57,27.3,50
28/02/2015 06:39:55,1425123595,57,25.7,50
28/02/2015 06:40:25,1425123625,36,23.9,50
28/02/2015 06:40:55,1425123655,8,22.2,50
28/02/2015 06:41:25,1425123685,14,20.2,50
28/02/2015 06:41:55,1425123715,26,18.6,50
28/02/2015 06:42:25,1425123745,20,17.4,50
28/02/2015 06:42:55,1425123775,253,19.1,50
28/02/2015 06:43:25,1425123805,1204,31.6,50
28/02/2015 06:43:55,1425123835,1612,52.9,50
28/02/2015 06:44:25,1425123865,2107,76,50
28/02/2015 06:44:55,1425123895,1992,98.2,50
28/02/2015 06:45:25,1425123925,2342,119.9,49
28/02/2015 06:45:55,1425123955,2223,142.5,49
28/02/2015 06:46:25,1425123985,1689,158.1,49
28/02/2015 06:46:55,1425124015,1362,160.6,49
28/02/2015 06:47:25,1425124045,956,153.9,49
28/02/2015 06:47:55,1425124075,1024,141.5,49
28/02/2015 06:48:25,1425124105,763,129.9,49
28/02/2015 06:48:55,1425124135,897,122.8,49
28/02/2015 06:49:25,1425124165,749,114.4,49
28/02/2015 06:49:55,1425124195,732,107.4,49
28/02/2015 06:50:25,1425124225,469,96.8,49
28/02/2015 06:50:55,1425124255,301,82.3,49
28/02/2015 06:51:25,1425124285,205,69.3,49
28/02/2015 06:51:55,1425124315,233,61.2,48
28/02/2015 06:52:25,1425124345,381,57.5,49
28/02/2015 06:52:55,1425124375,746,59.9,49
28/02/2015 06:53:25,1425124405,843,68.7,49
28/02/2015 06:53:55,1425124435,620,73.1,49
28/02/2015 06:54:25,1425124465,2565,81.5,49
28/02/2015 06:54:55,1425124495,2517,104.2,49
28/02/2015 06:55:25,1425124525,2608,126.9,49
28/02/2015 06:55:55,1425124555,3205,150.5,49
28/02/2015 06:56:25,1425124585,4097,174.5,49
28/02/2015 06:56:55,1425124615,3235,198.3,49
28/02/2015 06:57:25,1425124645,1713,204.9,48
28/02/2015 06:57:55,1425124675,2794,211.1,48
28/02/2015 06:58:25,1425124705,2032,222,48
28/02/2015 06:58:55,1425124735,1283,210.9,48
28/02/2015 06:59:25,1425124765,795,180.8,47
28/02/2015 06:59:55,1425124795,586,151.3,46
28/02/2015 07:00:25,1425124825,561,127.3,46
28/02/2015 07:00:55,1425124855,295,105.1,45
28/02/2015 07:01:25,1425124885,195,88.4,44
28/02/2015 07:01:55,1425124915,419,77.1,44
28/02/2015 07:02:25,1425124945,333,68.1,44
28/02/2015 07:02:55,1425124975,361,61.6,43
28/02/2015 07:03:25,1425125005,403,58.6,42
28/02/2015 07:03:55,1425125035,428,56.9,42
28/02/2015 07:04:25,1425125065,331,55.8,42
28/02/2015 07:04:55,1425125095,119,49.1,41
28/02/2015 07:05:25,1425125125,93,43.9,41
28/02/2015 07:05:55,1425125155,76,38.6,40
28/02/2015 07:06:25,1425125185,65,35.2,39
28/02/2015 07:06:55,1425125215,92,32.2,39
28/02/2015 07:07:25,1425125245,124,31.2,39
28/02/2015 07:07:55,1425125275,82,28.8,38
28/02/2015 07:08:25,1425125305,52,26.8,37
28/02/2015 07:08:55,1425125335,67,25.1,36
28/02/2015 07:09:25,1425125365,138,24.8,35
28/02/2015 07:09:55,1425125395,89,24.4,35
28/02/2015 07:10:25,1425125425,65,23.2,35
28/02/2015 07:10:55,1425125455,114,22.2,34
28/02/2015 07:11:25,1425125485,77,21.9,32
28/02/2015 07:11:55,1425125515,61,21.2,31
28/02/2015 07:12:25,1425125545,75,20.4,30
28/02/2015 07:12:55,1425125575,33,19.6,30
28/02/2015 07:13:25,1425125605,59,18.6,29
28/02/2015 07:13:55,1425125635,28,17.7,28
28/02/2015 07:14:25,1425125665,52,17,27
28/02/2015 07:14:55,1425125695,66,16.8,26
28/02/2015 07:15:25,1425125725,132,17.1,25
28/02/2015 07:15:55,1425125755,465,22.9,25
28/02/2015 07:16:25,1425125785,1081,38.9,25
28/02/2015 07:16:55,1425125815,1721,60.5,24
28/02/2015 07:17:25,1425125845,1618,83.5,24
28/02/2015 07:17:55,1425125875,1292,98.4,24
28/02/2015 07:18:25,1425125905,1676,111.1,23
28/02/2015 07:18:55,1425125935,1534,125.1,23
28/02/2015 07:19:25,1425125965,1297,134.1,22
28/02/2015 07:19:55,1425125995,709,128.9,22
28/02/2015 07:20:25,1425126025,599,113,21
28/02/2015 07:20:55,1425126055,674,104,21
28/02/2015 07:21:25,1425126085,634,95.3,21
28/02/2015 07:21:55,1425126115,1126,94,20
28/02/2015 07:22:25,1425126145,1654,107.5,20
28/02/2015 07:22:55,1425126175,1184,117.3,20
28/02/2015 07:23:25,1425126205,1091,118.5,20
28/02/2015 07:23:55,1425126235,962,116.5,20
28/02/2015 07:24:25,1425126265,803,109.8,20
28/02/2015 07:24:55,1425126295,718,105.8,19
28/02/2015 07:25:25,1425126325,772,101.8,19
28/02/2015 07:25:55,1425126355,348,91.1,20
28/02/2015 07:26:25,1425126385,369,81.1,20
28/02/2015 07:26:55,1425126415,416,72.3,20
28/02/2015 07:27:25,1425126445,417,67.9,20
28/02/2015 07:27:55,1425126475,439,64.4,20
28/02/2015 07:28:25,1425126505,251,59.7,20
28/02/2015 07:28:55,1425126535,176,52.4,19
28/02/2015 07:29:25,1425126565,137,46.2,20
28/02/2015 07:29:55,1425126595,385,45.6,20
28/02/2015 07:30:25,1425126625,460,49.8,20
28/02/2015 07:30:55,1425126655,540,53.2,20
28/02/2015 07:31:25,1425126685,378,54.9,19
28/02/2015 07:31:55,1425126715,337,53.6,19
28/02/2015 07:32:25,1425126745,342,52.2,19
28/02/2015 07:32:55,1425126775,441,51.2,19
28/02/2015 07:33:25,1425126805,419,52.3,19
28/02/2015 07:33:55,1425126835,586,57.8,19
28/02/2015 07:34:25,1425126865,491,59.6,19
28/02/2015 07:34:55,1425126895,490,60.7,18
28/02/2015 07:35:25,1425126925,555,60.1,18
28/02/2015 07:35:55,1425126955,464,60.6,18
28/02/2015 07:36:25,1425126985,477,62.2,17
28/02/2015 07:36:55,1425127015,369,60.5,17
28/02/2015 07:37:25,1425127045,425,57.6,17
28/02/2015 07:37:55,1425127075,549,60.7,16
28/02/2015 07:38:25,1425127105,601,62.5,16
28/02/2015 07:38:55,1425127135,459,65.6,16
28/02/2015 07:39:25,1425127165,436,62.5,15
28/02/2015 07:39:55,1425127195,266,58.4,16
28/02/2015 07:40:25,1425127225,170,53.7,15
28/02/2015 07:40:55,1425127255,282,49.7,15
28/02/2015 07:41:25,1425127285,214,46.7,15
28/02/2015 07:41:55,1425127315,218,44,15
28/02/2015 07:42:25,1425127345,249,43.4,16
28/02/2015 07:42:55,1425127375,241,41.6,15
28/02/2015 07:43:25,1425127405,245,40.2,15
28/02/2015 07:43:55,1425127435,214,39.8,15
28/02/2015 07:44:25,1425127465,154,38.7,15
28/02/2015 07:44:55,1425127495,202,37.7,15
28/02/2015 07:45:25,1425127525,134,35.8,16
28/02/2015 07:45:55,1425127555,47,33.8,17
28/02/2015 07:46:25,1425127585,73,31.3,18
28/02/2015 07:46:55,1425127615,64,29.1,19
28/02/2015 07:47:25,1425127645,45,27.3,19
28/02/2015 07:47:55,1425127675,84,25.7,19
28/02/2015 07:48:25,1425127705,48,23.6,19
28/02/2015 07:48:55,1425127735,12,21.7,19
28/02/2015 07:49:25,1425127765,43,20.2,19
28/02/2015 07:49:55,1425127795,46,19.2,19
28/02/2015 07:50:25,1425127825,14,18.4,19
28/02/2015 07:50:55,1425127855,45,17.9,19
28/02/2015 07:51:25,1425127885,10,16.7,19
28/02/2015 07:51:55,1425127915,36,15.5,19
28/02/2015 07:52:25,1425127945,72,15,19
28/02/2015 07:52:55,1425127975,88,16.6,19
28/02/2015 07:53:25,1425128005,76,17.5,19
28/02/2015 07:53:55,1425128035,32,17.2,19
28/02/2015 07:54:25,1425128065,92,17.5,18
28/02/2015 07:54:55,1425128095,415,21.6,17
28/02/2015 07:55:25,1425128125,342,30.7,16
28/02/2015 07:55:55,1425128155,132,31.8,15
28/02/2015 07:56:25,1425128185,41,30.1,15
28/02/2015 07:56:55,1425128215,73,28.5,15
28/02/2015 07:57:25,1425128245,102,28.4,15
28/02/2015 07:57:55,1425128275,125,27.6,15
28/02/2015 07:58:25,1425128305,53,27.2,15
28/02/2015 07:58:55,1425128335,44,25.1,15
28/02/2015 07:59:25,1425128365,60,23.6,15
28/02/2015 07:59:55,1425128395,69,22.7,15
28/02/2015 08:00:25,1425128425,1772,24,15
28/02/2015 08:00:55,1425128455,5499,43.9,15
28/02/2015 08:01:25,1425128485,1877,66.2,15
28/02/2015 08:01:55,1425128515,1677,86.3,15
28/02/2015 08:02:25,1425128545,373,90.2,15
28/02/2015 08:02:55,1425128575,91,77.1,14
28/02/2015 08:03:25,1425128605,96,68,15
28/02/2015 08:03:55,1425128635,148,60.6,15
28/02/2015 08:04:25,1425128665,481,59.9,15
28/02/2015 08:04:55,1425128695,111,54.5,15
28/02/2015 08:05:25,1425128725,79,47.9,14
28/02/2015 08:05:55,1425128755,102,43,14
28/02/2015 08:06:25,1425128785,75,39,14
28/02/2015 08:06:55,1425128815,46,35.1,14
28/02/2015 08:07:25,1425128845,113,33.1,14
28/02/2015 08:07:55,1425128875,99,31.4,14
28/02/2015 08:08:25,1425128905,77,29.3,14
28/02/2015 08:08:55,1425128935,69,27.8,14
28/02/2015 08:09:25,1425128965,4,25.6,14
28/02/2015 08:09:55,1425128995,70,24.1,14
28/02/2015 08:10:25,1425129025,48,23.1,14
28/02/2015 08:10:55,1425129055,45,21.7,14
28/02/2015 08:11:25,1425129085,6337,32.3,14
28/02/2015 08:11:55,1425129115,8568,56.7,14
28/02/2015 08:12:25,1425129145,3506,79.4,14
28/02/2015 08:12:55,1425129175,2489,99.8,14
28/02/2015 08:13:25,1425129205,593,98.1,14
28/02/2015 08:13:55,1425129235,121,88.3,14
28/02/2015 08:14:25,1425129265,97,77.5,14
28/02/2015 08:14:55,1425129295,43,67.8,14
28/02/2015 08:15:25,1425129325,44,61,14
28/02/2015 08:15:55,1425129355,65,54,14
28/02/2015 08:16:25,1425129385,23,48.5,14
28/02/2015 08:16:55,1425129415,62,43.6,14
28/02/2015 08:17:25,1425129445,89,39.8,14
28/02/2015 08:17:55,1425129475,4,36.3,14
28/02/2015 08:18:25,1425129505,45,33,14
28/02/2015 08:18:55,1425129535,84,31.3,14
28/02/2015 08:19:25,1425129565,102,29.9,14
28/02/2015 08:19:55,1425129595,101,28.5,14
28/02/2015 08:20:25,1425129625,82,27,14
28/02/2015 08:20:55,1425129655,50,24.9,14
28/02/2015 08:21:25,1425129685,85,23.7,14
28/02/2015 08:21:55,1425129715,135,23.8,14
28/02/2015 08:22:25,1425129745,65,22.9,14
28/02/2015 08:22:55,1425129775,65,21.9,14
28/02/2015 08:23:25,1425129805,57,20.7,14
28/02/2015 08:23:55,1425129835,78,20.2,13
28/02/2015 08:24:25,1425129865,71,19.8,13
28/02/2015 08:24:55,1425129895,137,20.6,13
28/02/2015 08:25:25,1425129925,47,21,13
28/02/2015 08:25:55,1425129955,68,20.1,13
28/02/2015 08:26:25,1425129985,132,20.9,13
28/02/2015 08:26:55,1425130015,84,21.9,13
28/02/2015 08:27:25,1425130045,51,21,13
28/02/2015 08:27:55,1425130075,154,22.1,13
28/02/2015 08:28:25,1425130105,57,22,13
28/02/2015 08:28:55,1425130135,103,21.7,13
28/02/2015 08:29:25,1425130165,121,22.2,13
28/02/2015 08:29:55,1425130195,118,22.6,13
28/02/2015 08:30:25,1425130225,79,22.4,13
28/02/2015 08:30:55,1425130255,87,23.1,13
28/02/2015 08:31:25,1425130285,88,22.6,13
28/02/2015 08:31:55,1425130315,143,21.9,13
28/02/2015 08:32:25,1425130345,304,25.9,14
28/02/2015 08:32:55,1425130375,198,28.4,13
28/02/2015 08:33:25,1425130405,112,28.5,13
28/02/2015 08:33:55,1425130435,169,28.5,13
28/02/2015 08:34:25,1425130465,1315,30.7,12
28/02/2015 08:34:55,1425130495,4039,50.3,12
28/02/2015 08:35:25,1425130525,684,65.9,12
28/02/2015 08:35:55,1425130555,325,61.8,12
28/02/2015 08:36:25,1425130585,300,57.3,12
28/02/2015 08:36:55,1425130615,290,54,12
28/02/2015 08:37:25,1425130645,432,53.5,12
28/02/2015 08:37:55,1425130675,506,54.7,11
28/02/2015 08:38:25,1425130705,359,56.3,11
28/02/2015 08:38:55,1425130735,629,56.9,11
28/02/2015 08:39:25,1425130765,1401,64,12
28/02/2015 08:39:55,1425130795,1855,75,14
28/02/2015 08:40:25,1425130825,2321,80,12
28/02/2015 08:40:55,1425130855,1315,81.3,12
28/02/2015 08:41:25,1425130885,268,77.3,12
28/02/2015 08:41:55,1425130915,154,66.7,12
28/02/2015 08:42:25,1425130945,187,59.2,12
28/02/2015 08:42:55,1425130975,211,53.5,12
28/02/2015 08:43:25,1425131005,207,48.8,12
28/02/2015 08:43:55,1425131035,228,44.7,12
28/02/2015 08:44:25,1425131065,181,41.8,12
28/02/2015 08:44:55,1425131095,195,41,12
28/02/2015 08:45:25,1425131125,231,39.7,12
28/02/2015 08:45:55,1425131155,428,39.8,12
28/02/2015 08:46:25,1425131185,864,51.2,12
28/02/2015 08:46:55,1425131215,283,54.7,12
28/02/2015 08:47:25,1425131245,178,49.2,11
28/02/2015 08:47:55,1425131275,223,45.9,11
28/02/2015 08:48:25,1425131305,237,42.6,11
28/02/2015 08:48:55,1425131335,211,41,12
28/02/2015 08:49:25,1425131365,168,39.2,12
28/02/2015 08:49:55,1425131395,149,37.1,11
28/02/2015 08:50:25,1425131425,174,35.7,11
28/02/2015 08:50:55,1425131455,183,33.6,11
28/02/2015 08:51:25,1425131485,145,32.1,11
28/02/2015 08:51:55,1425131515,188,31.2,11
28/02/2015 08:52:25,1425131545,170,31.1,11
28/02/2015 08:52:55,1425131575,211,31.6,11
28/02/2015 08:53:25,1425131605,152,30.9,10
28/02/2015 08:53:55,1425131635,192,30.5,11
28/02/2015 08:54:25,1425131665,201,30.3,11
28/02/2015 08:54:55,1425131695,184,31.7,10
28/02/2015 08:55:25,1425131725,191,30.9,11
28/02/2015 08:55:55,1425131755,250,32.2,11
28/02/2015 08:56:25,1425131785,271,34.2,12
28/02/2015 08:56:55,1425131815,257,35,11
28/02/2015 08:57:25,1425131845,359,36.7,11
28/02/2015 08:57:55,1425131875,210,39.1,12
28/02/2015 08:58:25,1425131905,151,36.6,12
28/02/2015 08:58:55,1425131935,260,36.5,13
28/02/2015 08:59:25,1425131965,132,35.5,12
28/02/2015 08:59:55,1425131995,195,34.8,13
28/02/2015 09:00:25,1425132025,235,35,13
28/02/2015 09:00:55,1425132055,202,35.7,13
28/02/2015 09:01:25,1425132085,208,35.7,13
28/02/2015 09:01:55,1425132115,156,35.1,14
28/02/2015 09:02:25,1425132145,102,33,13
28/02/2015 09:02:55,1425132175,60,30.8,13
28/02/2015 09:03:25,1425132205,102,29,14
28/02/2015 09:03:55,1425132235,139,28.5,14
28/02/2015 09:04:25,1425132265,68,27.1,14
28/02/2015 09:04:55,1425132295,63,24.8,14
28/02/2015 09:05:25,1425132325,146,24.6,14
28/02/2015 09:05:55,1425132355,110,24.8,15
28/02/2015 09:06:25,1425132385,96,23.7,15
28/02/2015 09:06:55,1425132415,102,24.4,15
28/02/2015 09:07:25,1425132445,95,23.5,15
28/02/2015 09:07:55,1425132475,45,22.4,15
28/02/2015 09:08:25,1425132505,79,21.2,15
28/02/2015 09:08:55,1425132535,63,20.5,15
28/02/2015 09:09:25,1425132565,165,21.3,15
28/02/2015 09:09:55,1425132595,149,22.9,15
28/02/2015 09:10:25,1425132625,119,24.2,15
28/02/2015 09:10:55,1425132655,289,26.7,15
28/02/2015 09:11:25,1425132685,155,28.1,15
28/02/2015 09:11:55,1425132715,197,29.2,15
28/02/2015 09:12:25,1425132745,215,30.6,15
28/02/2015 09:12:55,1425132775,200,31.9,15
28/02/2015 09:13:25,1425132805,153,31.7,15
28/02/2015 09:13:55,1425132835,90,30.7,14
28/02/2015 09:14:25,1425132865,87,28,14
28/02/2015 09:14:55,1425132895,149,27.4,14
28/02/2015 09:15:25,1425132925,82,27.4,14
28/02/2015 09:15:55,1425132955,47,25.4,14
28/02/2015 09:16:25,1425132985,166,25.6,14
28/02/2015 09:16:55,1425133015,144,26.2,14
28/02/2015 09:17:25,1425133045,203,27.1,14
28/02/2015 09:17:55,1425133075,185,28.2,14
28/02/2015 09:18:25,1425133105,106,27.9,14
28/02/2015 09:18:55,1425133135,219,28.9,14
28/02/2015 09:19:25,1425133165,162,30.5,14
28/02/2015 09:19:55,1425133195,119,29,14
28/02/2015 09:20:25,1425133225,126,28.3,13
28/02/2015 09:20:55,1425133255,160,28.2,13
28/02/2015 09:21:25,1425133285,85,27.7,13
28/02/2015 09:21:55,1425133315,151,26.7,13
28/02/2015 09:22:25,1425133345,124,27.2,13
28/02/2015 09:22:55,1425133375,70,25.8,12
28/02/2015 09:23:25,1425133405,73,24.8,12
28/02/2015 09:23:55,1425133435,105,24.1,12
28/02/2015 09:24:25,1425133465,79,24.4,12
28/02/2015 09:24:55,1425133495,60,23.2,12
28/02/2015 09:25:25,1425133525,87,21.9,12
28/02/2015 09:25:55,1425133555,330,24,13
28/02/2015 09:26:25,1425133585,174,25.7,12
28/02/2015 09:26:55,1425133615,1705,38.7,12
28/02/2015 09:27:25,1425133645,629,54.2,12
28/02/2015 09:27:55,1425133675,155,52.3,12
28/02/2015 09:28:25,1425133705,152,48.7,13
28/02/2015 09:28:55,1425133735,82,44.2,13
28/02/2015 09:29:25,1425133765,104,40,12
28/02/2015 09:29:55,1425133795,97,35.9,12
28/02/2015 09:30:25,1425133825,78,32.4,12
28/02/2015 09:30:55,1425133855,171,31.1,12
28/02/2015 09:31:25,1425133885,137,30.9,12
28/02/2015 09:31:55,1425133915,134,30.4,12
28/02/2015 09:32:25,1425133945,167,30.9,12
28/02/2015 09:32:55,1425133975,95,30.4,12
28/02/2015 09:33:25,1425134005,48,28,11
28/02/2015 09:33:55,1425134035,35,25.5,11
28/02/2015 09:34:25,1425134065,114,24.7,12
28/02/2015 09:34:55,1425134095,166,25.4,12
28/02/2015 09:35:25,1425134125,76,25.1,12
28/02/2015 09:35:55,1425134155,132,25,12
28/02/2015 09:36:25,1425134185,73,23.9,12
28/02/2015 09:36:55,1425134215,163,24.4,12
28/02/2015 09:37:25,1425134245,72,25,11
28/02/2015 09:37:55,1425134275,102,24.4,12
28/02/2015 09:38:25,1425134305,72,23.6,12
28/02/2015 09:38:55,1425134335,111,22.9,12
28/02/2015 09:39:25,1425134365,73,22.6,12
28/02/2015 09:39:55,1425134395,101,22.2,12
28/02/2015 09:40:25,1425134425,83,21.9,11
28/02/2015 09:40:55,1425134455,145,22.8,12
28/02/2015 09:41:25,1425134485,93,23.3,12
28/02/2015 09:41:55,1425134515,97,22.7,12
28/02/2015 09:42:25,1425134545,90,22.4,12
28/02/2015 09:42:55,1425134575,80,21.8,13
28/02/2015 09:43:25,1425134605,82,20.7,13
28/02/2015 09:43:55,1425134635,23,20.2,12
28/02/2015 09:44:25,1425134665,68,19.2,11
28/02/2015 09:44:55,1425134695,86,19.9,11
28/02/2015 09:45:25,1425134725,61,19.6,11
28/02/2015 09:45:55,1425134755,1135,21,11
28/02/2015 09:46:25,1425134785,1616,37.4,11
28/02/2015 09:46:55,1425134815,172,40.9,11
28/02/2015 09:47:25,1425134845,95,37.5,11
28/02/2015 09:47:55,1425134875,130,35,12
28/02/2015 09:48:25,1425134905,117,32.3,12
28/02/2015 09:48:55,1425134935,57,30.6,12
28/02/2015 09:49:25,1425134965,80,28.1,12
28/02/2015 09:49:55,1425134995,55,26.9,12
28/02/2015 09:50:25,1425135025,49,24.4,12
28/02/2015 09:50:55,1425135055,58,23.3,12
28/02/2015 09:51:25,1425135085,73,22.4,12
28/02/2015 09:51:55,1425135115,47,21.7,13
28/02/2015 09:52:25,1425135145,100,20.8,13
28/02/2015 09:52:55,1425135175,47,20.7,13
28/02/2015 09:53:25,1425135205,61,19.3,14
28/02/2015 09:53:55,1425135235,53,18.8,14
28/02/2015 09:54:25,1425135265,64,18.3,14
28/02/2015 09:54:55,1425135295,84,18.1,14
28/02/2015 09:55:25,1425135325,113,18.7,14
28/02/2015 09:55:55,1425135355,129,19.9,14
28/02/2015 09:56:25,1425135385,86,20.7,15
28/02/2015 09:56:55,1425135415,83,20.3,14
28/02/2015 09:57:25,1425135445,103,20.1,15
28/02/2015 09:57:55,1425135475,83,20.9,15
28/02/2015 09:58:25,1425135505,113,22.2,15
28/02/2015 09:58:56,1425135536,108,21.9,15
28/02/2015 09:59:25,1425135565,293,23.4,18
28/02/2015 09:59:55,1425135595,958,28.3,20
28/02/2015 10:00:25,1425135625,2813,36,19
28/02/2015 10:00:55,1425135655,3089,51.1,23
28/02/2015 10:01:25,1425135685,2596,67.8,21
28/02/2015 10:01:55,1425135715,3735,81.6,20
28/02/2015 10:02:25,1425135745,1365,82.3,20
28/02/2015 10:02:55,1425135775,16,78.9,19
03/04/2015 14:02:02,1428087722,78,1.9,48
03/04/2015 14:02:32,1428087752,24,3.3,48
03/04/2015 14:03:02,1428087782,68,5.1,47
03/04/2015 14:03:32,1428087812,109,8.4,46
03/04/2015 14:04:02,1428087842,76,10.6,45
03/04/2015 14:04:32,1428087872,108,12.7,44
03/04/2015 14:05:02,1428087902,49,13.1,44
03/04/2015 14:05:32,1428087932,57,13.4,43
03/04/2015 14:06:02,1428087962,35,13.6,43
03/04/2015 14:06:32,1428087992,46,13.6,43
03/04/2015 14:07:02,1428088022,38,13.5,42
03/04/2015 14:07:32,1428088052,40,13.2,42
03/04/2015 14:08:02,1428088082,35,13,42
03/04/2015 14:08:32,1428088112,63,13.2,41
03/04/2015 14:09:02,1428088142,14,13,41
03/04/2015 14:09:32,1428088172,49,12.8,40
03/04/2015 14:10:02,1428088202,34,12.7,40
